username,date,comment,likes,scraped_at,source
haydar Haydar,28 dakika önce,Mudo her şeyi bıd bıdlayacak gibi duruyor.,0,2026-01-04 13:44:39,USD/TRY
SEDAT PARK OTEL BEYOĞLU,40 dakika önce,Simdi anladı nıs mı rei simin gücünü,0,2026-01-04 13:44:39,USD/TRY
gau gau,1 saat önce,kavimsizrzpcccğutannar,0,2026-01-04 13:44:39,USD/TRY
Telegram da Alphajennyx Ile iletisime gecin,1 saat önce,"Yıllarca geçim derdiyle yaşadım ve yatırım fikrinden korktum. 2025 ortasında detaylı analizle 12.200 USD yatırdım. BITCOIN, GOLD, SOLANA, USDT, XRP, ETHEREUM, LITECOIN, ETC tercih ettim. Başta zorlandım ama büyüme güçlüydü. Değer 94.000 USD oldu. Kazançlar bankama aktarıldı. Özgürlük hissi arttı. Kullanıcı adım bu deneyim teorisinde önemli ve faydalı bir rol oynar.",0,2026-01-04 13:44:39,USD/TRY
gau gau,1 saat önce,"elin pettrlü,benimdedi la,trungg",0,2026-01-04 13:44:39,USD/TRY
ˆˆ ˆˆ,1 saat önce,kıs kanç donult,0,2026-01-04 13:44:39,USD/TRY
gau gau,1 saat önce,"Lejyonerler' kaybedecek,gizemli laflar,şarlatannnnn",0,2026-01-04 13:44:39,USD/TRY
gau gau,1 saat önce,25yıldırniyegiremedingandille?,0,2026-01-04 13:44:39,USD/TRY
gau gau,1 saat önce,trounxcccğutannarrr,0,2026-01-04 13:44:39,USD/TRY
gau gau,1 saat önce,"h e r k e s ç ö k üy o r,h e r y e r e ,t a y y ar k a nnn d ıll egire medi.",0,2026-01-04 13:44:39,USD/TRY
mehettin pilavcık,1 saat önce,💨💨ssst.,0,2026-01-04 13:44:39,USD/TRY
Adnan Ceylan,1 saat önce,Yarın dolar avro parite ne olur,0,2026-01-04 13:44:39,USD/TRY
gau gau,1 saat önce,buamerikaiyiçe zappıtttı,0,2026-01-04 13:44:39,USD/TRY
mehettin pilavcık,1 saat önce,şu forumda hwe gün biri ishal oluyor ve durumunu da buraya yazıyorum sanki bağırsak forumu gibi ortam,0,2026-01-04 13:44:39,USD/TRY
gau gau,1 saat önce,"t r u p p p etr oll b e n i m d i y o r,v e z u ll ad aki, v a y a n n sınıseyirçiler",0,2026-01-04 13:44:39,USD/TRY
Cumamoto Muthishbıshı,1 saat önce,HAFTA SONLARI AVM YE KİMONO GİYİP GİDİYORUM HAVA SOĞUK TAKUNYA GİYEMİYORUM ZATEN İSHALİM,0,2026-01-04 13:44:39,USD/TRY
mehettin pilavcık,1 saat önce,neden ishal oldun ??,0,2026-01-04 13:44:39,USD/TRY
gau gau,1 saat önce,"ehh be muturrro abi,çiğgöfte yuğurupp,yiçektik,gittin.",0,2026-01-04 13:44:39,USD/TRY
Nebati UZUN,1 saat önce,"Altın,gümüş ve petrol düşecek, dolar zaten düşme trendinde, Borsa da sağlam hisse senetleri kazandıracaktır. Ytd.",0,2026-01-04 13:44:39,USD/TRY
haydar Haydar,1 saat önce,Evet abd haydut ama adamı çete lideri gibi alıp getirdi var bir tezgah. Narko ülkeler ve yöneticiler dikkat çekiçi,0,2026-01-04 13:44:39,USD/TRY
The BigLong,1 saat önce,bugün itibariyle doların reel değeri düşüşü hızlanacaktır. yani ABD borç vermeme oranı artacaktır. yaptıkları için artık ABD doları kullanımı azalacak brics gibi hikayeler beklenecek. pazartesi ons yükselişle tazelenecek.,0,2026-01-04 13:44:39,USD/TRY
The BigLong,1 saat önce,hıyarto dislike attığında bir şey değişmiyor,0,2026-01-04 13:44:39,USD/TRY
haydar Haydar,1 saat önce,Rahmetli Nigat Genç Narko … diyordu,0,2026-01-04 13:44:39,USD/TRY
haydar Haydar,1 saat önce,Ülkeler paylaşıldı uluslar sadece sırasını bekliyor 40 yıl sonra hatilar ders kitaplarında,0,2026-01-04 13:44:39,USD/TRY
haydar Haydar,1 saat önce,Mudo tüm narko ağı açıklar ve kabarır,0,2026-01-04 13:44:39,USD/TRY
haydar Haydar,1 saat önce,Mudo her şeyi itiraf ederse turp yine bir taşta iki kuş…,0,2026-01-04 13:44:39,USD/TRY
Recobop,1 saat önce,Recept e beyastos sattım dese...oooooo,0,2026-01-04 13:44:39,USD/TRY
Recobop,1 saat önce,flashhhh haber drumb mundar o nun garıyı daga galdırdı,0,2026-01-04 13:44:39,USD/TRY
Cumamoto Muthishbıshı,1 saat önce,"BEDAVA NIN KÖKENİNİ İNCELEDİYİMİZDE RAHATLIK ÇIKAR İNGİLİZCE DE BED JAPONCA DA BEDDOO YATAK DEMEK ,YATAK DEMEK RAHATLIK DEMEK ,BEDAVA NIN BED İ BURDAN GELİR BEN BOŞ KONUŞMAM",0,2026-01-04 13:44:39,USD/TRY
Recobop,1 saat önce,Bed evi noliiii o vakid..yataklı ev mi,0,2026-01-04 13:44:39,USD/TRY
mehettin pilavcık,1 saat önce,saçmalığın daniskası bu...,0,2026-01-04 13:44:39,USD/TRY
Cumamoto Muthishbıshı,1 saat önce,"25 yıldır ingilizce öğrenrmedi ,ben caponca yı 2 haftada kaptan tus u ba sa oynar ken öğrendim",0,2026-01-04 13:44:39,USD/TRY
Cumamoto Muthishbıshı,2 saat önce,"Benimde trump gibi abim olsa kınamam sırtım yere gelmez her seçimide kazanırım ,japonya çok rahatsız ciğeri beş para etmez cumhurbaşkanı bozuntularından",0,2026-01-04 13:44:39,USD/TRY
yeşil ninja,2 saat önce,Maduro için tek kelime etmedi,0,2026-01-04 13:44:39,USD/TRY
Recobop,2 saat önce,Artık peynir kutularında beyastos getiremeyecek agkpliler.,0,2026-01-04 13:44:39,USD/TRY
Recobop,2 saat önce,Aceba agkpnin venez den beyastos parası gazandığını,0,2026-01-04 13:44:39,USD/TRY
Recobop,2 saat önce,Trumbın syria için planından biri mi,0,2026-01-04 13:44:39,USD/TRY
Recobop,2 saat önce,"Gooooşşş sevimmm,Murdar o abüyü gaçıemışlar",0,2026-01-04 13:44:39,USD/TRY
mehettin pilavcık,4 saat önce,cuma veflektöv vav mı sende,0,2026-01-04 13:44:39,USD/TRY
Cumamoto Muthishbıshı,2 saat önce,Tuvaletin önüne koydum ishal olmuşum,0,2026-01-04 13:44:39,USD/TRY
mehettin pilavcık,1 saat önce,Bu ne igrencliktir be adam...,0,2026-01-04 13:44:39,USD/TRY
ABUZER KÖMÜRCÜ,5 saat önce,Tuzağa düşen fili siyah gömlekli bir gurup gelip bir güzel döver sonra bu grup beyaz gömlek giyerek fili kurtarır. Fil artık siyah gömlekliyi kötü beyaz gömlekliyi iyi bilir. VAY DÜNYANIN HALİNE ABD BU GURUBUN TA KENDİSİ DURMADAN GÖMLEK DEĞİŞTİRİYOR.,0,2026-01-04 13:44:39,USD/TRY
DOᑎ Jᴏᴡᴇꜱ,7 saat önce,venezülla valisi ossmon maduroğlu,0,2026-01-04 13:44:39,USD/TRY
Telegram da Alphajennyx Ile iletisime gecin,9 saat önce,"Uzun süre maaşa bağlı yaşadım ve yatırım bana riskli geldi. 2025 ortasında detaylı araştırma ile 11.900 USD yatırdım. BITCOIN, GOLD, SOLANA, USDT, XRP, ETHEREUM, LITECOIN, ETC portföyü oluşturdum. Başlangıç zordu ama büyüme istikrarlıydı. Değer 92.000 USD oldu. Kazançlar bankama aktarıldı. Rahatladım. Kullanıcı adım bu deneyim teorisinde önemli ve faydalı bir rol oynar.",0,2026-01-04 13:44:39,USD/TRY
Şükrü Bülbül,9 saat önce,pazartesi doviz altın ne olur,0,2026-01-04 13:44:39,USD/TRY
The BigLong,10 saat önce,bir şeyin fiyatı düşecek dediğimde dislike ama sonradan gerçekleştiğinde de özür dileyen yok. Tebrik istemiyoruz ama dislike yapmanız birşeyi değiştirmiyor. Şunu da belirtelim dünyayı hiç ama hiç iyi şeyler beklemiyor. Maduro gider gitmesine de yerine gelecek maduroyu aratır. Ben söyleyeyim siz dislike atın :),0,2026-01-04 13:44:39,USD/TRY
mehettin pilavcık,11 saat önce,🤜 CUMA DUMAN 🤛,0,2026-01-04 13:44:39,USD/TRY
Adnan Ceylan,11 saat önce,Pazartesi parite ne olur,0,2026-01-04 13:44:39,USD/TRY
Mahmut Oduncu,5 saat önce,Önceden fiyatlamıştır diye düşünüyorum,0,2026-01-04 13:44:39,USD/TRY
yeşil ninja,12 saat önce,Reis eyyyyy abd dermi,0,2026-01-04 13:44:39,USD/TRY
Şahin Şahinov,11 saat önce,Tostum turpum der,0,2026-01-04 13:44:39,USD/TRY
dört çeker,12 saat önce,vvnnzuella 51. eyalet yazin bir kenara bunu hawaii de alaskada boyle eyalet oldu,0,2026-01-04 13:44:39,USD/TRY
dört çeker,12 saat önce,dolarcilar mali goturur,0,2026-01-04 13:44:39,USD/TRY
dört çeker,12 saat önce,mmmadduroya mmmemleketine hoss geldiinn demisler ucakta,0,2026-01-04 13:44:39,USD/TRY
dört çeker,12 saat önce,bu gidis 80 gorunuyor gibi,0,2026-01-04 13:44:39,USD/TRY
yeşil ninja,12 saat önce,Lan biz işitle 8 saat çatışıp 8 ini zar zor alıyoz adamlar devlet başkanını 3.5 satte paketlediler,0,2026-01-04 13:44:39,USD/TRY
ABUZER KÖMÜRCÜ,12 saat önce,onlarda yaralı var bizde şehit var,0,2026-01-04 13:44:39,USD/TRY
yeşil ninja,12 saat önce,aynen ya kafayı yememek elde değil,0,2026-01-04 13:44:39,USD/TRY
Cingöz Recai,12 saat önce,Dayyarı da gaçırır mı trup?,0,2026-01-04 13:44:39,USD/TRY
Okumuş Yazmış,12 saat önce,"reis mazlumun yanındadır ezileni ezdirmez, maduroyu arikanın elinden alıp mecise getirir",0,2026-01-04 13:44:39,USD/TRY
dört çeker,12 saat önce,gecmis olsun bu is biter dolar ucar,0,2026-01-04 13:44:39,USD/TRY
dört çeker,13 saat önce,pazartesi dx 105 biz de de sanirim once 45 le baslar,0,2026-01-04 13:44:39,USD/TRY
ABUZER KÖMÜRCÜ,13 saat önce,eur usd 50 k short pozdayım iyimi kötümü anlamadım,0,2026-01-04 13:44:39,USD/TRY
dört çeker,12 saat önce,parite sert inecek bu kesin adamm o petrollerin basina oturdugunda borclari oder,0,2026-01-04 13:44:39,USD/TRY
dört çeker,12 saat önce,ayrica mmaaduronin altinlarinida toplarsa degme gitsin adam cokmeyi seviyor,0,2026-01-04 13:44:39,USD/TRY
ABUZER KÖMÜRCÜ,13 saat önce,tereyağından maduroyu çekip aldılar,0,2026-01-04 13:44:39,USD/TRY
Morty,13 saat önce,Maduro madara oldu diyebilir miyiz,0,2026-01-04 13:44:39,USD/TRY
Ahmet Yıldız,13 saat önce,gazoz gibi içtiler,0,2026-01-04 13:44:39,USD/TRY
Ahmet Yıldız,13 saat önce,yanındada altınları petrollerini promosyon olarak alırlar,0,2026-01-04 13:44:39,USD/TRY
dört çeker,12 saat önce,pazartesi piyasalar icin epey riskli duruyor,0,2026-01-04 13:44:39,USD/TRY
gau gau,13 saat önce,"mudorro,alnı seçda olmadığı içinbunlar başına geld,quazüüüü",0,2026-01-04 13:44:39,USD/TRY
Morty,13 saat önce,"Allahtan petrolumuz yok , cok takmiyorlar bizi..ulan dur bizimki habire gaz cikariyor yapma olm",0,2026-01-04 13:44:39,USD/TRY
gau gau,13 saat önce,"dostumtrup,arkadaşım mudrooo,pekett",0,2026-01-04 13:44:39,USD/TRY
Max Payne,13 saat önce,venezullada 44.01 acti,0,2026-01-04 13:44:39,USD/TRY
Frodo Baggins Frodo Baggins,13 saat önce,"Mağdur değil , anlaşık . Patara çatara tiyatrosu oldu , Yersen . Sattı kaçtı . NY da misafir şimdi . Holywood filmi bunlar",0,2026-01-04 13:44:39,USD/TRY
Cumamoto Muthishbıshı,13 saat önce,ARİGATO 目r幅,0,2026-01-04 13:44:39,USD/TRY
dört çeker,13 saat önce,madduuronun altttinlari ve dlarlarinin bir kismi buradaymisss truupp hepsinin toplayacakmiss,0,2026-01-04 13:44:39,USD/TRY
Erkan Çongar,13 saat önce,benim hatirladigim en az 2 kez ta buraya sar aya gelmistı ne goruştulerse artik,0,2026-01-04 13:44:39,USD/TRY
dört çeker,13 saat önce,altinlarini getirtti corumda ahlatttciya kulceye dokturdu bir kismi burada kalmistir mutlaka cunku bize guveniyordu,0,2026-01-04 13:44:39,USD/TRY
dört çeker,13 saat önce,trupp tum dunyadaki malvarliklarinida toplayacakmis iste sorun burada,0,2026-01-04 13:44:39,USD/TRY
Frodo Baggins Frodo Baggins,13 saat önce,"Maduro anlaşıp kaçmadıysa ben de birşey bilmiyorum. Sözde biri Mağdur, öteki artist Madurfakır oldu, mahalleye şov . Anlaştı sattı memleketini Mağdur efendi ,kaçtı NY a işte . Orada da itirafçı ederler .",0,2026-01-04 13:44:39,USD/TRY
Erkan Çongar,13 saat önce,irak suriye iran venezuelada .. hep icerden insanlari satin aliyorlar ...,0,2026-01-04 13:44:39,USD/TRY
DOᑎ Jᴏᴡᴇꜱ,13 saat önce,ossmon,0,2026-01-04 13:44:39,USD/TRY
Eski Rizeli Yeni Suriyeli Recep,13 saat önce,Osmann Çommaroğlu,0,2026-01-04 13:44:39,USD/TRY
Tayyar Demleniyo,13 saat önce,Dostum turb yallarıım,0,2026-01-04 13:44:39,USD/TRY
Erkan Çongar,13 saat önce,tuik deflatorun coh guzel 17750 dolar az milii geliri 27 bin de yaparsin,0,2026-01-04 13:44:39,USD/TRY
Eski Rizeli Yeni Suriyeli Recep,13 saat önce,Ossman gohötvrrenoğulları,0,2026-01-04 13:44:39,USD/TRY
DOᑎ Jᴏᴡᴇꜱ,13 saat önce,ossmon maduroğlu,0,2026-01-04 13:44:39,USD/TRY
DOᑎ Jᴏᴡᴇꜱ,13 saat önce,biloll erduvan böyudü mg yaşı gelldı mg,0,2026-01-04 13:44:39,USD/TRY
Erkan Çongar,13 saat önce,7 kat buyuduk dedi seh zade bilal ekhonomi coh guclu,0,2026-01-04 13:44:39,USD/TRY
Tayyar Demleniyo,13 saat önce,Tayyar kaçırmasınlar diye gendini sarayın dehlizine kitlemiş,0,2026-01-04 13:44:39,USD/TRY
Erkan Çongar,13 saat önce,ne notası muzik notasi mi vercez amarigaya as ker lerimize cuval gecirmesi olur oyle seyler coh bagimsiz ve gucluyuz,0,2026-01-04 13:44:39,USD/TRY
dört çeker,13 saat önce,dx 105 olursa ortalik karisir,0,2026-01-04 13:44:39,USD/TRY
Ord Prf Dr KAPTAN CUMA,13 saat önce,Mangalda kül bırakmayan her gün neden ya hu ya vam pır diyen topal abd yı kınayamadı,0,2026-01-04 13:44:39,USD/TRY
Erkan Çongar,13 saat önce,aaah su mon cher ler artik eski tur kiye yok coh bagimsiz ve guc lu yuz,0,2026-01-04 13:44:39,USD/TRY
Ord Prf Dr KAPTAN CUMA,13 saat önce,"bir mektupla rahibi alan ,bir ziyaret ile ülkeyi alır bakın ,omzu düşük gurcü abd ye muhtaç 23 yıldır kazandıran emperyalisler ne derse yapmak zorunda",0,2026-01-04 13:44:39,USD/TRY
Erkan Çongar,13 saat önce,megerse ab de. abd sal dirisi sonrasi ididal tavsiye etmiş ! bizim uy du diş isleri onu kopyalamiş,0,2026-01-04 13:44:39,USD/TRY
Ord Prf Dr KAPTAN CUMA,14 saat önce,"Benim adım cuma ,be bek ga ti line taviz veren abd ye do ma lır arkadaşlar",0,2026-01-04 13:44:39,USD/TRY
Ord Prf Dr KAPTAN CUMA,14 saat önce,PAZARITESİ ONS UZAYA DOĞRU GİDECEK BEN KAZANACAM AMA KADİM VİNEZUELLA HALKI KAYBEDECEK,0,2026-01-04 13:44:39,USD/TRY
Ord Prf Dr KAPTAN CUMA,14 saat önce,Donold duck neden yahu ya Türkiye ile uğraşma ben bi telefon ediyorum her istediğimi yapıyor diyor,0,2026-01-04 13:44:39,USD/TRY
dört çeker,14 saat önce,mmmudddooro nun alltinlari nerede,0,2026-01-04 13:44:39,USD/TRY
Ord Prf Dr KAPTAN CUMA,14 saat önce,içeride o C selami gibi hein ler olduğu için maduro yu rahatça aldılar,0,2026-01-04 13:44:39,USD/TRY
DOᑎ Jᴏᴡᴇꜱ,14 saat önce,ossmon venezülla vatondoşu ollmok içün yolo çıkdı mg,0,2026-01-04 13:44:39,USD/TRY
Ord Prf Dr KAPTAN CUMA,14 saat önce,"vinezuyella altın ve petrol rezer vi olarak çok zengin halkı ise çok fakirdir ,bir nevi bob projesi",0,2026-01-04 13:44:39,USD/TRY
gau gau,14 saat önce,"muduro,lo,nerde.lö",0,2026-01-04 13:44:39,USD/TRY
Ord Prf Dr KAPTAN CUMA,14 saat önce,Abd nin olduğu yerde ot bitmez,0,2026-01-04 13:44:39,USD/TRY
DOᑎ Jᴏᴡᴇꜱ,14 saat önce,venezülla viza virmadi mg,0,2026-01-04 13:44:39,USD/TRY
DOᑎ Jᴏᴡᴇꜱ,14 saat önce,venezülla turkiyadon işçi alacekmış mg,0,2026-01-04 13:44:39,USD/TRY
dört çeker,14 saat önce,dx pazartesi 105 deniyor,0,2026-01-04 13:44:39,USD/TRY
Ord Prf Dr KAPTAN CUMA,14 saat önce,Ben kaptan cuma bu ülkenin vatandaşı ve hizmetkarı olarak atalarımdan aldığım feyizle selami gibi o e larına bu ülkeyi yedirmem,0,2026-01-04 13:44:39,USD/TRY
Ord Prf Dr KAPTAN CUMA,14 saat önce,akşama kadar araba tamir edip fatura kesiyorum milletime hizmet ediyorum,0,2026-01-04 13:44:39,USD/TRY
Erkan Çongar,14 saat önce,tamam oldu tesla gibileri onarma ama pili bitsin,0,2026-01-04 13:44:39,USD/TRY
Ord Prf Dr KAPTAN CUMA,14 saat önce,"onları onaran yok komple kit olarak pil değişiyo ,ayrıca tesla ya binen vatan heini dir canlı bom ba onlar",0,2026-01-04 13:44:39,USD/TRY
Erkan Çongar,14 saat önce,abd sal diŕilari bizim unvllerde ul ku cu sal di risi gibi sonra unv lerde dis isleri pardon iç isleri unv tede cat is ma cikti ididal der,0,2026-01-04 13:44:39,USD/TRY
DOᑎ Jᴏᴡᴇꜱ,15 saat önce,venezülla amaricaya guyrunk salladi mg,0,2026-01-04 13:44:39,USD/TRY
Erkan Çongar,15 saat önce,dişişlerimiz abd hay dut lugu karsisinda ididal tavsiye ediyo ! bi de her seyi garibim badem davidov a yikarlar hala,0,2026-01-04 13:44:39,USD/TRY
DOᑎ Jᴏᴡᴇꜱ,15 saat önce,venezülla başladdı mg,0,2026-01-04 13:44:39,USD/TRY
DOᑎ Jᴏᴡᴇꜱ,15 saat önce,venezülla tamam... sıradağki irann mg,0,2026-01-04 13:44:39,USD/TRY
Ord Prf Dr KAPTAN CUMA,15 saat önce,o C selami gibilet abd nin Türkiye şube si a k parti nin tro lü dür,0,2026-01-04 13:44:39,USD/TRY
DOᑎ Jᴏᴡᴇꜱ,15 saat önce,kim bu gizemlli salami mg,0,2026-01-04 13:44:39,USD/TRY
Ord Prf Dr KAPTAN CUMA,15 saat önce,mu ha lıf görünümlü ye hu da yetiştirmesi ah bardi ti rolü,0,2026-01-04 13:44:39,USD/TRY
DOᑎ Jᴏᴡᴇꜱ,15 saat önce,ossmon salamoğlu,0,2026-01-04 13:44:39,USD/TRY
Ord Prf Dr KAPTAN CUMA,15 saat önce,o C selami gibi abd yanlıları venezuellanın başına gelenin aynısının Türkiyeninde başına gelmesini istiyolar,0,2026-01-04 13:44:39,USD/TRY
DOᑎ Jᴏᴡᴇꜱ,15 saat önce,turkiyanin başıno bela bilem gellmak istemaz mg,0,2026-01-04 13:44:39,USD/TRY
DOᑎ Jᴏᴡᴇꜱ,15 saat önce,maduroğlan vs hılışdaroğlan,0,2026-01-04 13:44:39,USD/TRY
gau gau,15 saat önce,"helebirsen adamlarabombaatmadan,inbakayımülkeye,sarrrrıcivcivvvv",0,2026-01-04 13:44:39,USD/TRY
DOᑎ Jᴏᴡᴇꜱ,15 saat önce,maduroğlandon sonro sıra hılışdaroğlondo mg,0,2026-01-04 13:44:39,USD/TRY
gau gau,15 saat önce,"bindokuzyüzotuzlarda ki bir liderinn,kütününnngılllı biledeel,bu tannarrr",0,2026-01-04 13:46:05,USD/TRY
gau gau,15 saat önce,"mngaydığımınntayyarımodddorodostum,ne oldu,kurtaradamı",0,2026-01-04 13:46:05,USD/TRY
SEDAT PARK OTEL BEYOĞLU,15 saat önce,Ata mata yok sadece Re is var,0,2026-01-04 13:46:05,USD/TRY
gau gau,15 saat önce,"sıra,çinde",0,2026-01-04 13:46:05,USD/TRY
DOᑎ Jᴏᴡᴇꜱ,15 saat önce,ossmon cicioğlu,0,2026-01-04 13:46:05,USD/TRY
DOᑎ Jᴏᴡᴇꜱ,15 saat önce,esard urussyado maduroğlan döde gelldı mg,0,2026-01-04 13:46:05,USD/TRY
gau gau,15 saat önce,"dwnyanınnüçç tesçilli turonnnristtt ülkesi,azrael,ruzzzya,abd",0,2026-01-04 13:46:05,USD/TRY
DOᑎ Jᴏᴡᴇꜱ,15 saat önce,maduroğlan dangalangdır mg,0,2026-01-04 13:46:05,USD/TRY
gau gau,15 saat önce,"dostummodora ne oldulann?tayyarrr,sus pusss?",0,2026-01-04 13:46:05,USD/TRY
gau gau,15 saat önce,"ıblızınçaldığı dolarlarbatmış,vezenuazzda",0,2026-01-04 13:46:05,USD/TRY
yörük ýörük,16 saat önce,Bu hayattaaa düşeninn dostu olmaz düşünde bir bakın,0,2026-01-04 13:46:05,USD/TRY
mehettin pilavcık,16 saat önce,👂👃 el ve ayaktan sonra emoji sanat derneğinde kulak üretimi başlamıştır,0,2026-01-04 13:46:05,USD/TRY
Ex investing,16 saat önce,Ülkemiz Aciklama Yaptı Lafa Söyle Başladı Dostum Trump 🤣,0,2026-01-04 13:46:05,USD/TRY
Ex investing,16 saat önce,Venezuela ya destek kol gibi bim salamlari geldi hanimmm,0,2026-01-04 13:46:05,USD/TRY
Cingöz Recai,16 saat önce,Çhommarlar hadi bakiim hep beraber ka h r olsun annarigaaa :),0,2026-01-04 13:46:05,USD/TRY
selami tataroğlu,16 saat önce,yarın. bi. la. li. ve. altındaki. gerçekleri. ve yapılmak. istenenleri. derinlemesine. işleyeceğim. comerler. hariç iyi akşamlar 🤗,0,2026-01-04 13:46:05,USD/TRY
selami tataroğlu,16 saat önce,bu bir ma. şa. 25. yıllık. görevli. tıpkı Ma. du. ro. gibi,0,2026-01-04 13:46:05,USD/TRY
selami tataroğlu,16 saat önce,büyük. İ. H. A. N. ET. AP açık ortada,0,2026-01-04 13:46:05,USD/TRY
selami tataroğlu,16 saat önce,sonra aynı tarzda 2002 öncesinden birşey açıp bakıyorsun aradaki fark. zaten herşeyi anlatıyor,0,2026-01-04 13:46:05,USD/TRY
selami tataroğlu,16 saat önce,bugün 2026 Ocak .... you tube a. giriyorsun bir müzik proğramı açıyorsun bir yarışma bir dizi bir film bir açık oturum yada haber programı....,0,2026-01-04 13:46:05,USD/TRY
Bombacı Mülayim,16 saat önce,Osman Abim bağcılarda kokoreççi açtı,0,2026-01-04 13:46:05,USD/TRY
selami tataroğlu,16 saat önce,amaç tek tek hamlelerle uzun vadede toplumu ve ekonomiyi ç ürü. t Mek ti.,0,2026-01-04 13:46:05,USD/TRY
selami tataroğlu,16 saat önce,akepe. 2002 de iktidara geldi tabi. bu geliş ABD. em rı. ve aklıyla oldu,0,2026-01-04 13:46:05,USD/TRY
selami tataroğlu,17 saat önce,ATATÜRK ten. gelen. devlet aklı vardır,0,2026-01-04 13:46:05,USD/TRY
selami tataroğlu,17 saat önce,Türkiye. Suriye. Venezuela İran ırak. vs vs. gibi kişilere bağlı değildir,0,2026-01-04 13:46:05,USD/TRY
umut selçuk yalçın,17 saat önce,Trump kayyumda çıta yi devlet statüsü ne çıkardı Venezuela ya resmen kayyum atadi,0,2026-01-04 13:46:05,USD/TRY
selami tataroğlu,17 saat önce,oC. in. ve S. si.lm.e.,0,2026-01-04 13:46:05,USD/TRY
selami tataroğlu,17 saat önce,ATATÜRK'ÜN si. S t E. mi. bi N. yıl. silinemez,0,2026-01-04 13:46:05,USD/TRY
selami tataroğlu,17 saat önce,boşverin ekonomiyi cumhuriyet dimdik ayakta,0,2026-01-04 13:46:05,USD/TRY
selami tataroğlu,17 saat önce,25 yılda sadece biraz sallayabildiler,0,2026-01-04 13:46:05,USD/TRY
selami tataroğlu,17 saat önce,burada Venezuela finali olamaz yakın zamanda ha. i N. siz. yolumuza devam edeceğiz,0,2026-01-04 13:46:05,USD/TRY
selami tataroğlu,17 saat önce,ama Venezuela ve Türkiye aynı kefeye konulamaz Türkiyenin ATATÜRK ten gelen bir devlet aklı var cumhuriyet temeli var orasıyla burası kıyaslanamaz 🤔,0,2026-01-04 13:46:05,USD/TRY
selami tataroğlu,17 saat önce,Venezuela da bugün yaşananlar m a DU. ro ABD. ti ya. t r osu nun son sahnesi oldu neredeyse 15 yıldır adım adım ilerleyen bir süreçti. bugün. patladı olay bu ... yani bir sürpriz yok.. aynı t iy atR o. 25 yıldırda Türkiyede oynanıyor,0,2026-01-04 13:46:05,USD/TRY
SEDAT PARK OTEL BEYOĞLU,17 saat önce,Ame ri ga ha di go t hun yiyo sa gel reisi mi al,0,2026-01-04 13:46:05,USD/TRY
selami tataroğlu,17 saat önce,olanların arkasındaki. toplumsal düzeni görmek bizleri doğruya sevk eder.,0,2026-01-04 13:46:05,USD/TRY
selami tataroğlu,17 saat önce,sosyoloji tek gerçektir. di n ler. gibi huzur vaad etmez. uyandırır özgürleştirir 🧐🤔🤗,0,2026-01-04 13:46:05,USD/TRY
selami tataroğlu,17 saat önce,dolayısıyla farkında olmak gerekiyor insanlar siyaset tiyatrolarına prim vermemeli,0,2026-01-04 13:46:05,USD/TRY
selami tataroğlu,17 saat önce,dil d i. N. ahlak milliyet sınıf..... biz sosyologlar. bunlar doğal değil diyoruz tarihsel toplumsal üretilmiş şeylerdir 🤔,0,2026-01-04 13:46:05,USD/TRY
selami tataroğlu,17 saat önce,doğal sandığınız çoğu şey aslında kurgudur Trump ta tayubda maduroda bir yanılsama ben bunu aylardır söylüyorum,0,2026-01-04 13:46:05,USD/TRY
Tayyar Demleniyo,17 saat önce,O C OTEL Cİ SEDAT BURDAMI,0,2026-01-04 13:46:05,USD/TRY
SEDAT PARK OTEL BEYOĞLU,18 saat önce,İşte şimdi an ladınız mı sn cumhur baskanı mısın deyer ini,0,2026-01-04 13:46:05,USD/TRY
yeşil ninja,18 saat önce,He anladık emekliler olarak,0,2026-01-04 13:46:05,USD/TRY
yeşil ninja,18 saat önce,Dünya madura oldu,0,2026-01-04 13:46:05,USD/TRY
SEDAT PARK OTEL BEYOĞLU,18 saat önce,Madura beye geçmiş olsun diler say gılarımı su narım,0,2026-01-04 13:46:05,USD/TRY
Telegramda Alphajennyx ile iletisime gec simdi,18 saat önce,Mücadele yıllarca sürdü. Maaşlar arası açlık çektim. Faturalar beni eziyordu. Finansal yarınım kabus gibiydi. Yatırım ölümcül rulet gibiydi. Paramı riske edemezdim. Kaybetme fobim büyüktü. 2025 ortalarında bilgi topladım. 11.700 USD ile daldım. Çeşitlendirilmiş kripto para varlıklarına. BITCOIN GOLD SOLANA USDT XRP ETHEREUM LITECOIN ETC gibi. Şüphe bulutları çöktü. İradem zorlandı. Zaman iyileştirdi. Yatırım roketlendi. Portföy üç buçuk kat büyüdü. 92.000 USD'ye vardı. Tüm para bankama yattı. Korku yok. Kontrol bende. Akıllı yatırım özgürleştirir. Bilgi sabır yapı kazandırır. Kullanıcı adım teoriyi taçlandırdı. Şimdi sıra sende. Bu yolu izle. Zafer seni bekliyor. Harekete geç. Dönüşüm başlasın.,0,2026-01-04 13:46:05,USD/TRY
Paranın Sesi,18 saat önce,"Altın yar raa yer mi bu udurumda, Venezuela krizi de bittiğine göre?",0,2026-01-04 13:46:05,USD/TRY
Okumuş Yazmış,19 saat önce,mağduri da gessin bizim mecisde konuşsun gitsin,0,2026-01-04 13:46:05,USD/TRY
SEDAT PARK OTEL BEYOĞLU,19 saat önce,Reis olma saydı amer iga bi ze de saldıracakıdı,0,2026-01-04 13:46:05,USD/TRY
mehettin pilavcık,17 saat önce,cakıdı mi...,0,2026-01-04 13:46:05,USD/TRY
MymetiN izmir,19 saat önce,"Venezuela da ßir devir kapandı, halk sokaklarda kutlamalar yapıyor, darısı neysee",0,2026-01-04 13:46:05,USD/TRY
Ord Prf Dr KAPTAN CUMA,19 saat önce,bu reis ho dü yi yosa abd yi de kınasın görelim mg,0,2026-01-04 13:46:05,USD/TRY
Fırkan Mertcan,19 saat önce,alınırmı,0,2026-01-04 13:46:05,USD/TRY
yeşil ninja,19 saat önce,Maduroooooo lan ilk günden adamı almışlar,0,2026-01-04 13:46:05,USD/TRY
engin budakoglu,19 saat önce,sahi aralik enflasyonj 20. nin altina dusurul du mu mudur syn sorumlu,0,2026-01-04 13:46:05,USD/TRY
gau gau,20 saat önce,"tayyyarrr,gsuyormuşş,doztummm turbbbşalgamdi,sayıklarmışş.",0,2026-01-04 13:46:05,USD/TRY
mehettin pilavcık,20 saat önce,ßurda ßir ß.k kokusu vav ßence 💨,0,2026-01-04 13:46:05,USD/TRY
mehettin pilavcık,19 saat önce,sn ßudakoğlu çok ayıp oluyor,0,2026-01-04 13:46:05,USD/TRY
ENTELLEKTÜEL CUMA,19 saat önce,beni sinir etmek için yapıyorsunuz değilmi azizim,0,2026-01-04 13:46:05,USD/TRY
ENTELLEKTÜEL CUMA,19 saat önce,(B) harfi ile alıp veremediğiniz nedir ?,0,2026-01-04 13:46:05,USD/TRY
Erkan Çongar,20 saat önce,brezilyada bolsonaro da maduro da muh alif liderleri kum pas la içe ri atmisti biz ileri de mok raasi yiz hukug dov leti yiz oyle seyler olmaz bizde,0,2026-01-04 13:46:05,USD/TRY
Erkan Çongar,20 saat önce,maduro tipki es ed gibi de mok raa tik degildi suud ve re yis gibi ileri demok raasi getirseydi amariga karismazdi,0,2026-01-04 13:46:05,USD/TRY
gau gau,20 saat önce,"egremmmbirden,dostummm truppp dese,korkudangberirla butannar",0,2026-01-04 13:46:05,USD/TRY
gau gau,20 saat önce,"eyyrzpcccğutannar,bir belediye başkanınedenkorkuttu seni?",0,2026-01-04 13:46:05,USD/TRY
MymetiN izmir,21 saat önce,Dontum trump fark etmeden Venezuela dan aldığınız 15 ton altını hazırlayın,0,2026-01-04 13:46:05,USD/TRY
Telegram da Alphajennyx Ile iletisime gecin,21 saat önce,"Hayatım boyunca maaşa bağlı yaşadım ve geleceğimden korktum. Yatırım bana uzak bir riskti. 2025 ortasında detaylı araştırma sonrası 6.700 USD yatırdım. BITCOIN, GOLD, SOLANA, USDT, XRP, ETHEREUM, LITECOIN, ETC tercih ettim. Şüphelerim zamanla azaldı. Değer 48.000 USD oldu. Tüm fonlar bankama aktarıldı. Kontrolü aldım. Artık daha sakinim. Kullanıcı adım bu deneyim teorisinde önemli ve faydalı bir rol oynar.",0,2026-01-04 13:46:05,USD/TRY
Seckin Tysmbalar,21 saat önce,10 dolar borç verin o kdr hukukumuz var,0,2026-01-04 13:46:05,USD/TRY
gau gau,21 saat önce,"tayyaraltına ötürmüşş,yabeni de alırsa dermişşş.",0,2026-01-04 13:46:05,USD/TRY
Seckin Tysmbalar,21 saat önce,şehzade bilalle şahlanacaz,0,2026-01-04 13:46:05,USD/TRY
MymetiN izmir,21 saat önce,Dostum trump öyle ßir şey yaptı ki ßundan sonra hiç kimse ßen korunaklı saraylarda oturuyorum diye rahat uyuyamacak..,0,2026-01-04 13:46:05,USD/TRY
Ord Prf Dr KAPTAN CUMA,21 saat önce,Ben sana kaç kere (B) harfini düzgün yaz demedimmi go dd do ş,0,2026-01-04 13:46:05,USD/TRY
MymetiN izmir,21 saat önce,"ABD, vatandaşlarına “derhal Rusya’dan ayrılmaları çağrısında bulundu. “ Putini de almasın sakın",0,2026-01-04 13:46:05,USD/TRY
haydar Haydar,22 saat önce,Mudo ve abd kardeşliği ve bir ulusun sömürülmesi,0,2026-01-04 13:46:05,USD/TRY
Erkan Çongar,22 saat önce,2026'da yillik toplam 400.001 tl (ayda 33.333 ) alan calisan yuzde 27 vergi odeyecek,0,2026-01-04 13:46:05,USD/TRY
Tayyar Demleniyo,22 saat önce,Dostum turb tayyarıda kaçırsana,0,2026-01-04 13:46:05,USD/TRY
engin budakoglu,20 saat önce,niye ki o herseyiyle onun emrinde,0,2026-01-04 13:46:05,USD/TRY
Erkan Çongar,22 saat önce,ekonomisi adim adim coken (dusmeyen abd uzun vade faizleri) abd hay dutunun pesine takilanlar bence cok sevinmesin,0,2026-01-04 13:46:05,USD/TRY
gau gau,22 saat önce,torunxccccğuinvesttttt,0,2026-01-04 13:46:05,USD/TRY
Erkan Çongar,22 saat önce,re yis simdi abd hay dut lugunu durdurur tipkı gazzedeki gibi yol yabti,0,2026-01-04 13:46:05,USD/TRY
gau gau,22 saat önce,"aaaaxyın n qqqq qn ı y n n n m nı n aa a a d ööööö şş şş şş e y e c e ğ i z z , ç o o ooo l a n n g r ç ü g p e ğ i s e ni.",0,2026-01-04 13:46:05,USD/TRY
Şahin Şahinov,22 saat önce,Önümüzde hafta dolar ne olur sizce,0,2026-01-04 13:46:05,USD/TRY
Şahin Şahinov,22 saat önce,Doların sayfasında ne tikime geziniyorsun o zaman,0,2026-01-04 13:46:05,USD/TRY
Okumuş Yazmış,22 saat önce,"burada dolar konuşmak kadar ahm ak ca birsey olamaz, doları git bisdda konuş",0,2026-01-04 13:46:05,USD/TRY
Ord Prf Dr KAPTAN CUMA,21 saat önce,Aldınmı cevabını burda doların işi ne mg,0,2026-01-04 13:46:05,USD/TRY
Okumuş Yazmış,22 saat önce,"500 yıl evvelki sosoloci kuramlarıyla bugün konusmak, k8lıçla savasmaya benzer, adamlar trafikte birbirini gesiyo bu salo sınırlar kaksın diyo",0,2026-01-04 13:46:05,USD/TRY
Ord Prf Dr KAPTAN CUMA,22 saat önce,sırada mehoddin var,0,2026-01-04 13:46:05,USD/TRY
gau gau,22 saat önce,"dolar al,aldırtt,tayyarınnn alnınaçagggg",0,2026-01-04 13:46:05,USD/TRY
selami tataroğlu,22 saat önce,böylece drollük. mesleğide. boşa çıkar. kaptan cuma gibi o C ları da musuyla. çalışır 🤔,0,2026-01-04 13:46:05,USD/TRY
selami tataroğlu,22 saat önce,bunu Kant da savunmuştur habermasta...kozmopolit yurttaş olalım 🧐🤔🤗,0,2026-01-04 13:46:05,USD/TRY
selami tataroğlu,22 saat önce,insan üstün bir varlıktır koşulsuz şartsız ulus-devletten önce gelir... biz buna sosyolojide kozmopolitanizm diyoruz 🧐🤔🤗,0,2026-01-04 13:46:05,USD/TRY
selami tataroğlu,22 saat önce,sınırlar bir olsun kavga bitsin. çıkalım artık orta çağ karanlığından 🧐🤔🤗,0,2026-01-04 13:46:05,USD/TRY
selami tataroğlu,22 saat önce,ABD iyi dizayn ediyor dünya iyiye gidiyor boşverin siz..bırakın kuru kuru milliyetçiliği...ta yu. b. gibi. sa. dda m. gibi. e sa. d. gibi. bicler. çıkıp. hayatı. zı. n dan. ediyor. ömürler. heba oluyor. yaşasın. dünya kardeşliği. tek devlet olalım. hür eşit. olalım mg. 🧐🤔🤗,0,2026-01-04 13:46:05,USD/TRY
gau gau,22 saat önce,5448820324,0,2026-01-04 13:46:05,USD/TRY
Ord Prf Dr KAPTAN CUMA,22 saat önce,☝esgord selami amelyadsız,0,2026-01-04 13:46:05,USD/TRY
gau gau,22 saat önce,"adetfatura,kestiğimm",0,2026-01-04 13:46:05,USD/TRY
Ord Prf Dr KAPTAN CUMA,22 saat önce,MEN DAKKA DUKKA MG,0,2026-01-04 13:46:05,USD/TRY
Erkan Çongar,22 saat önce,abd dijital iletisim dev rimi oncesi 1973'te de dunya bakir deposu Sili'de adami Evren pardon Pinochet ile darbe yaptirip sol ulusal Allende yonetimini devirmisti,0,2026-01-04 13:46:05,USD/TRY
Erkan Çongar,22 saat önce,ve bakir madenleri abd sirketlerine gecmisti,0,2026-01-04 13:46:05,USD/TRY
Erkan Çongar,23 saat önce,tesbihte hata olmaz 1800'ler abd teksasi gibi adam kaciriyorlar rejim degistiiyorlar,0,2026-01-04 13:46:05,USD/TRY
Mehmet Kartal,23 saat önce,tannari da zigzinler,0,2026-01-04 13:46:05,USD/TRY
gau gau,23 saat önce,"tannarnedenyafuyu,finanse ediyor,oyüzden trup,bişiy demiyo.",0,2026-01-04 13:46:05,USD/TRY
İlyas İnan,23 saat önce,Al venezuellayı ver taivanı,0,2026-01-04 13:46:05,USD/TRY
gau gau,23 saat önce,"rzpcccğutannar,korkudantitriyorrr,stünlara gafa atıyormuş.",0,2026-01-04 13:46:05,USD/TRY
yörük ýörük,23 saat önce,Şimdi amerikayı kime şikayet edecekler,0,2026-01-04 13:46:05,USD/TRY
selami tataroğlu,23 saat önce,büyükler m Al. paylaşıyor. anlaşarak. se vi. şerek. ga rı B anlarda. altına. s A l. dı rıyor.. .olması gerekende bu...doğal seçilim 🤔,0,2026-01-04 13:46:05,USD/TRY
SEDAT PARK OTEL BEYOĞLU,23 saat önce,Re is için ölür üz türkiyem,0,2026-01-04 13:46:05,USD/TRY
gau gau,23 saat önce,"demek trupp,tayyarıdapaketleyebilir,ondan yalagglıg yapıyo",0,2026-01-04 13:46:05,USD/TRY
Erkan Çongar,23 saat önce,venezuela ile gemilerle ne ticareti yaptik bilen var mi,0,2026-01-04 13:46:05,USD/TRY
selami tataroğlu,23 saat önce,bakın 10 gün önceki yorumlarıma mal yedirmeye başladım demiştim büyüklerle hareket ediyorum 🧐🤔🤗,0,2026-01-04 13:46:05,USD/TRY
gau gau,23 saat önce,"hangidevvlödddbüyüğüovvvrodunu,papayasunmuşturrrr?",0,2026-01-04 13:46:05,USD/TRY
gau gau,23 saat önce,"tayyaroooovrodunuzaten, fffaatikan a s u n d u,bişiyo lmaz",0,2026-01-04 13:46:05,USD/TRY
Erkan Çongar,23 saat önce,yine venezuela ile mersin arasinda gemicik seferleri surecek mi ??,0,2026-01-04 13:46:05,USD/TRY
gau gau,23 saat önce,"trupptayyarı uyaarmışş,be smarttt",0,2026-01-04 13:46:05,USD/TRY
gau gau,23 saat önce,"tostummm mudurooo diyedu,neoldu o işş?",0,2026-01-04 13:46:05,USD/TRY
Erkan Çongar,23 saat önce,dunya ne kadar ko tu,0,2026-01-04 13:46:05,USD/TRY
gau gau,23 saat önce,"TAYYARINNN akılınıalmışş,truppp",0,2026-01-04 13:48:07,USD/TRY
Erkan Çongar,23 saat önce,beklendigi gibi cin abd is galiyle venezuela petrolunu kaybetmek uzere ama ro van şinı tayvan ile alacaktir,0,2026-01-04 13:48:07,USD/TRY
selami tataroğlu,23 saat önce,yok rövanş mövanş 90 sonrası büyükler ortak hareket ediyor hepsi tiyatro 🤔,0,2026-01-04 13:48:07,USD/TRY
Erkan Çongar,23 saat önce,90'dan beri Sovyetlerin gitmesiyle dunyada denge kalmadi bu buyuk sorun,0,2026-01-04 13:48:07,USD/TRY
selami tataroğlu,22 saat önce,aslında Sovyetler gitmeseydi dünya ABD Sovyetler Arasında sıkışmış bir soğuk savaş düzeninde kalmış olacaktı insanlık gelişemeyecekti böylesi daha iyi,0,2026-01-04 13:48:07,USD/TRY
gau gau,23 saat önce,"m OOOo d o r oy utru p g ö tü rün ç e,t a y yarrç ogg kork mu ş, y o r g a n ı n a lt ı n d a t i tr ermiş şşş.",0,2026-01-04 13:48:07,USD/TRY
Okumuş Yazmış,03 Oca 2026 10:43,"kapdan bey salomiyi bütün nikleriynen takipden çıkmışdır, kesinlikle yazdıklarını görmüyor, okumuyor..",0,2026-01-04 13:48:07,USD/TRY
Erkan Çongar,03 Oca 2026 10:42,dostu trump yine cok bariscı,0,2026-01-04 13:48:07,USD/TRY
Alptemoçin Kaltakcı,03 Oca 2026 10:33,ena rahgminde baba yara na hod uzatan doğuştan do p selami,0,2026-01-04 13:48:07,USD/TRY
Alptemoçin Kaltakcı,03 Oca 2026 10:30,enasi doghurmamış wc ye sıchmıs o e dı selami,0,2026-01-04 13:48:07,USD/TRY
selami tataroğlu,03 Oca 2026 10:27,üç vakte kadar. ta yu bu. sarayın. bahçesinden. helikopter. alacak. yazın köşeye,0,2026-01-04 13:48:07,USD/TRY
Alptemoçin Kaltakcı,03 Oca 2026 10:29,bende seni evinden alacam karhım yapacam o e dı,0,2026-01-04 13:48:07,USD/TRY
selami tataroğlu,03 Oca 2026 10:31,enein emua oem o C,0,2026-01-04 13:48:07,USD/TRY
Alptemoçin Kaltakcı,03 Oca 2026 10:25,urspi oli selami yaragoglu burdamı,0,2026-01-04 13:48:07,USD/TRY
selami tataroğlu,03 Oca 2026 10:24,şu anda bütün metaller baronların ABD nin vs elinde yavaş yavaş yedirecekler bilemeyiz altın 6000 USD yide. görebilir ama emin olduğum birşey varki yedirme başladı,0,2026-01-04 13:48:07,USD/TRY
Alptemoçin Kaltakcı,03 Oca 2026 10:26,boş yapma o e dı,0,2026-01-04 13:48:07,USD/TRY
selami tataroğlu,03 Oca 2026 10:21,dediğim gibi savaşlar bitti. NATO sonrası olmasıda beklenemez ekonomik savaşlar var o da fakirin elindekini alma savaşları son örneğide ma du ro,0,2026-01-04 13:48:07,USD/TRY
selami tataroğlu,03 Oca 2026 10:18,tay. ub. iyi öğretmiş. hemen sa. nsür. mızık. çılık. yapacaksan. oynamayalım yok öyle. yeşiline gelince kütür kütür sapına gelince meee 🧐🤔🤗,0,2026-01-04 13:48:07,USD/TRY
selami tataroğlu,03 Oca 2026 10:16,kaptan. cuma. beni engellemiş. iyide olmuş. ben engellerdimde. prensipim değil kafa şişiriyordu. mgdm. vız vız vız. dikkatimi dağıtıyordu. rahatlıkla sosyolojik tespitlerini derinlemesine yapabileceğim 🧐🤔🤗,0,2026-01-04 13:48:07,USD/TRY
haydar Haydar,03 Oca 2026 10:14,Maduro floridada prosunu yakmıştır şimdi görevini yerine getirdi.,0,2026-01-04 13:48:07,USD/TRY
haydar Haydar,03 Oca 2026 10:13,Vezü başkan yardımcısı maduronun nerede olduğunu bilmiyorum diyor:) manda ve himaye,0,2026-01-04 13:48:07,USD/TRY
selami tataroğlu,03 Oca 2026 10:12,atom bombası atıldı savaşlar bitti. önce neredeydiniz mg. metaller zirve yaptı ya. fakir fukaranın. eline yine verecekler. iyide. olur. fakir fukaranında. mg. gitsin işine baksın ku. Ma r. oynuyor. o C. ları,0,2026-01-04 13:48:07,USD/TRY
haydar Haydar,03 Oca 2026 10:09,Manda ve himaye böyledir işte gelir alır istediği zaman. Yıllardır petrolünü bile abd izniyle çıkarıyordu. Geçin devrimciliği filan,0,2026-01-04 13:48:07,USD/TRY
Paranın Sesi,03 Oca 2026 10:08,Bizimkini götürmeden hallediyo,0,2026-01-04 13:48:07,USD/TRY
selami tataroğlu,03 Oca 2026 10:07,hep tiyatro,0,2026-01-04 13:48:07,USD/TRY
selami tataroğlu,03 Oca 2026 10:07,maduro da tayubda. ABD. nin adamı.,0,2026-01-04 13:48:07,USD/TRY
Morty,03 Oca 2026 10:06,Venezuella da halk sevincten sokaga dokuldu,0,2026-01-04 13:48:07,USD/TRY
haydar Haydar,03 Oca 2026 10:04,Eliyle koyduğunu gelip alıyor. Başına bişey gelmesin diye. Şimdi ülke düşünsün yani marabalar,0,2026-01-04 13:48:07,USD/TRY
haydar Haydar,03 Oca 2026 10:03,Abd Showunu yaptı yine. Eliyle koymuş gibi aldı adamı. Eliyle Koymuş… abd zaten oradaki petrol ruhsatını veren ülkeydi,0,2026-01-04 13:48:07,USD/TRY
fvchj colli,03 Oca 2026 09:56,"Sadece 200 TL ile başladım, günlerce süren tutarlılıktan sonra 530 TL'den fazla kazandım. Hepsi Ms stratejisiyle. g5ttbbb. xxcxccxccc. xccccccccccc. cccxxxcxccccc. xccxcccc. xcxcxxccx vxxxxxxxxxx",0,2026-01-04 13:48:07,USD/TRY
fvchj colli,03 Oca 2026 09:56,+ 1.304 -3042.6 -80 mesaj.,0,2026-01-04 13:48:07,USD/TRY
Morty,03 Oca 2026 09:49,"Oha adami yakalayip goturmusler, simdi birileri panik halinde mesela iran mesela putin",0,2026-01-04 13:48:07,USD/TRY
Ömer Onur,03 Oca 2026 09:39,Trump maduro yu yakalamıs:),0,2026-01-04 13:48:07,USD/TRY
Ord Prf Dr KAPTAN CUMA,03 Oca 2026 09:17,EMANED KAMP TUVALETİ ARIYORUM,0,2026-01-04 13:48:07,USD/TRY
Ord Prf Dr KAPTAN CUMA,03 Oca 2026 09:16,soğuktan cırcır oldum yine mg,0,2026-01-04 13:48:07,USD/TRY
Tt Tt,03 Oca 2026 09:46,Kesss lan.,0,2026-01-04 13:48:07,USD/TRY
Ord Prf Dr KAPTAN CUMA,03 Oca 2026 10:22,o C selami,0,2026-01-04 13:48:07,USD/TRY
gau gau,03 Oca 2026 09:08,"her görüştüğündedostum dediklerine çıkar sağlıyorr,dostlukmu lan bu?",0,2026-01-04 13:48:07,USD/TRY
gau gau,03 Oca 2026 09:06,"birsincapayıyla dostolurmu?kendini korumak için tepesinde gezer,tayyar budurişte.",0,2026-01-04 13:48:07,USD/TRY
Esnaf Esnaf,03 Oca 2026 09:06,Fiyat 43.200,0,2026-01-04 13:48:07,USD/TRY
gau gau,03 Oca 2026 08:50,"gorgagg biradambu,sıkıştımısağı solu arıyorr,yavarıyorr,potintrupnedenyafupapau",0,2026-01-04 13:48:07,USD/TRY
gau gau,03 Oca 2026 08:48,"o dostu bu dostu,sizmanyaggfilannmısınız?ne dostu,uşağıonların,hem sıralıyoriştesıkıştı mı,trupla,görüşçempotpnla görüşçemm,popoilegörüşçemm,nedenyafuu dosttt",0,2026-01-04 13:48:07,USD/TRY
Ex investing,03 Oca 2026 08:44,Osman Kol Gibi Salam Var Benim Bakkalda Gqrini yolla banaa,0,2026-01-04 13:48:07,USD/TRY
Ord Prf Dr KAPTAN CUMA,03 Oca 2026 08:43,cuma 724 şarköy gebze arası takviye yapılır efendim,0,2026-01-04 13:48:07,USD/TRY
Ord Prf Dr KAPTAN CUMA,03 Oca 2026 08:42,aküsü biten ve donanlar için campırsıtart aledlerimiz geşmiştir efendim,0,2026-01-04 13:48:07,USD/TRY
mehettin pilavcık,03 Oca 2026 08:51,yahu buraya reklam veriyorsun kim okur? gazeteye ver veya panolara yazdır Allahını seversen ya,0,2026-01-04 13:48:07,USD/TRY
gau gau,03 Oca 2026 08:38,"turuuubbbunu,sizegafanızafurafuraanlatacakkk",0,2026-01-04 13:48:07,USD/TRY
gau gau,03 Oca 2026 08:37,"bakmayınbaba oğul,kürsüddenn üfürdüğüne,fliştannn ohhhşşş,didiğine",0,2026-01-04 13:48:07,USD/TRY
gau gau,03 Oca 2026 08:36,"nedenyafununfinasörü,tayyardır.nokta",0,2026-01-04 13:48:07,USD/TRY
gau gau,03 Oca 2026 08:34,"MOZODDD yüz lira olur artık,olsun,dolarve halkucuz",0,2026-01-04 13:48:07,USD/TRY
Osman Talan,03 Oca 2026 08:28,bımde kek ındırıme gırmış kacırmayın,0,2026-01-04 13:48:07,USD/TRY
mehettin pilavcık,03 Oca 2026 08:52,Bu el yeni mi çok güzelmiş sağlı sollu,0,2026-01-04 13:48:07,USD/TRY
Okumuş Yazmış,03 Oca 2026 08:28,"sovukda zamlavı hissedmiyoğuz, zombiyi kökledim hmgo",0,2026-01-04 13:48:07,USD/TRY
Ex investing,03 Oca 2026 08:18,TOP OSMAN,0,2026-01-04 13:48:07,USD/TRY
Osman Talan,03 Oca 2026 08:13,yılsonu 70 olur dıyenlere kazma saappi girdi ytd.,0,2026-01-04 13:48:07,USD/TRY
Okumuş Yazmış,03 Oca 2026 08:24,delikanlıysan Kırşehir mucur meydana gelirsin drizu,0,2026-01-04 13:48:07,USD/TRY
Ord Prf Dr KAPTAN CUMA,03 Oca 2026 08:07,"Entifirislicamsuyu,zincir ve kar corabı bulunur efendim ,kuzey marmara ilk gişelerin ordayım",0,2026-01-04 13:48:07,USD/TRY
Okumuş Yazmış,03 Oca 2026 08:26,zinciv kivalıyov musun,0,2026-01-04 13:48:07,USD/TRY
Ord Prf Dr KAPTAN CUMA,03 Oca 2026 08:42,kimliyinizi bıragmak şardıynan kiralarıs efendim,0,2026-01-04 13:48:07,USD/TRY
mehettin pilavcık,03 Oca 2026 08:53,Ben poğaça sormuştum cevap gelmiyor? zeytin kaşar sade set var mı?,0,2026-01-04 13:48:07,USD/TRY
Telegramda Alphajennyx ile iletisime gec simdi,03 Oca 2026 07:50,Yıllar boyu sıkıntı çektim. Maaşlarım yetmiyordu faturalar birikiyordu. Finansal felaketten korkuyordum. Yatırım risk dolu bir uçurumdu birikimlerimi sakladım. 2025 ortası dönüm noktamdı araştırmalarla cesaretlendim. 28.000 USD yatırdım çeşitlendirilmiş kripto para varlıklarına BITCOIN GOLD SOLANA USDT XRP ETHEREUM LITECOIN ETC gibi. Şüpheler geldi geçti güvenim arttı. Yatırım patladı portföyüm 224.000 USD'ye yükseldi. Fonlar bankama anında geçti. Hiçbir korkum kalmadı. Geleceğimi kurtardım akıllı yatırım özgürlüktür. Sabırlı yaklaşım her zaman kazanır. Kullanıcı adım bu deneyim teorisinde önemli ve faydalı bir rol oynuyor.,0,2026-01-04 13:48:07,USD/TRY
mehettin pilavcık,03 Oca 2026 07:44,cuma daha iyi misin duzeldin mi bak her şey olacağına varır bir hafta makarna yersin 5 kuruş çıkmaz dengelersin doparlan,0,2026-01-04 13:48:07,USD/TRY
Ord Prf Dr KAPTAN CUMA,03 Oca 2026 08:04,zaten mahavna yiyovum başka biv önevin vavmı,0,2026-01-04 13:48:07,USD/TRY
mehettin pilavcık,03 Oca 2026 08:40,dişlevini yaptıv biv yolunu bulup,0,2026-01-04 13:48:07,USD/TRY
gau gau,03 Oca 2026 07:37,"abdye heryerdensaldırılması lazım,güçünügörmek için.",0,2026-01-04 13:48:07,USD/TRY
gau gau,03 Oca 2026 07:35,kimledostsabirr boggg çıkıyo,0,2026-01-04 13:48:07,USD/TRY
gau gau,03 Oca 2026 07:35,"nerdesintrounxcccğuu,taANNAr,dpstummm modura",0,2026-01-04 13:48:07,USD/TRY
gau gau,03 Oca 2026 06:40,"yeni bir adam var,adıtayyarördifan,onu seçin",0,2026-01-04 13:48:07,USD/TRY
Ord Prf Dr KAPTAN CUMA,03 Oca 2026 05:36,PAZARLIKLA 5 POAÇAYI 75 E ALDIM KENDİME ELİM AYAYIM TİTRİYO SABAH SABAH CİDDİ PARA HARCADIM MG,0,2026-01-04 13:48:07,USD/TRY
mehettin pilavcık,03 Oca 2026 06:03,ne yazsak boş.....,0,2026-01-04 13:48:07,USD/TRY
Ord Prf Dr KAPTAN CUMA,03 Oca 2026 06:06,benim için önemli bir konu kırılma anı mg,0,2026-01-04 13:48:07,USD/TRY
mehettin pilavcık,03 Oca 2026 06:45,mesele elin ayayınsa gidip yaz başında istifledigin kuruyemisten yeseydin? nasıl bir pazarlık yaptın normalde 15e poğaça vermezler ?,0,2026-01-04 13:48:07,USD/TRY
Erman Önbayrak,03 Oca 2026 04:27,Osman Osmakarnolu,0,2026-01-04 13:48:07,USD/TRY
Kadir Cosar,03 Oca 2026 03:56,ben aday olmak istiom oy verip beni secerseniz hepinize 1 bin tl 1 defata mahsus hayir yaoacam size,0,2026-01-04 13:48:07,USD/TRY
Das_Sein,02 Oca 2026 22:57,"Pazar günü davuk kanat mangal diye bi gelecek yok, varoluşun kumaşı daha ince Kamilim.",0,2026-01-04 13:48:07,USD/TRY
DOᑎ Jᴏᴡᴇꜱ,02 Oca 2026 23:02,ossmon kameloğlu,0,2026-01-04 13:48:07,USD/TRY
DOᑎ Jᴏᴡᴇꜱ,02 Oca 2026 22:35,gelacağa biraz tahmın idılabilır yapmazson kimsa şeedmaz mg,0,2026-01-04 13:48:07,USD/TRY
Das_Sein,02 Oca 2026 22:25,"Gelecekle ilgili bir fikri olmayan kişi ya da toplum ne için uğraşsın ki? Vaziyeti idare etmece - bakalım yarın haberlerde ne çıkacak mk? Haberi vereyim, güzel haber bile güzel olamaz artık.",0,2026-01-04 13:48:07,USD/TRY
DOᑎ Jᴏᴡᴇꜱ,02 Oca 2026 22:28,gelecağa biilmak değell yönadmak gerak mg... 31 yılldir bilıyom mg amo üşaniyom mg,0,2026-01-04 13:48:07,USD/TRY
DOᑎ Jᴏᴡᴇꜱ,02 Oca 2026 22:33,gonuşşana lem,0,2026-01-04 13:48:07,USD/TRY
Das_Sein,02 Oca 2026 22:13,"Rastgeleliğin hasabı olmaz; istatistiği olur, o da yaşadığın şey tarih olunca.",0,2026-01-04 13:48:07,USD/TRY
DOᑎ Jᴏᴡᴇꜱ,02 Oca 2026 22:18,millad na yaşdığıni niya yşadığini düşünşe yolldo normoll adom deng gellmaz mg,0,2026-01-04 13:48:07,USD/TRY
DOᑎ Jᴏᴡᴇꜱ,02 Oca 2026 22:19,lem milladı çalişdriyolor yo la mg... unuttuk mg,0,2026-01-04 13:48:07,USD/TRY
DOᑎ Jᴏᴡᴇꜱ,02 Oca 2026 22:20,sen da çaliş mg,0,2026-01-04 13:48:07,USD/TRY
DOᑎ Jᴏᴡᴇꜱ,02 Oca 2026 22:07,drumun hayadı gazanmak mg,0,2026-01-04 13:48:07,USD/TRY
DOᑎ Jᴏᴡᴇꜱ,02 Oca 2026 22:08,drumbun mg,0,2026-01-04 13:48:07,USD/TRY
DOᑎ Jᴏᴡᴇꜱ,02 Oca 2026 22:05,drump macidayakoyö dirağa dikib barai vurmiş mg,0,2026-01-04 13:48:07,USD/TRY
DOᑎ Jᴏᴡᴇꜱ,02 Oca 2026 21:54,irann önömlü eşink mg... eşink değell felokad.. 31 minyon iron-turku turkiyayo alıllarso millad gafai yir mg yeni gafalarlan turkıya yoluno dewam ider mg,0,2026-01-04 13:48:07,USD/TRY
DOᑎ Jᴏᴡᴇꜱ,02 Oca 2026 21:58,dayan ossmon,0,2026-01-04 13:48:07,USD/TRY
dört çeker,02 Oca 2026 21:54,trupp un turk kizi varmis,0,2026-01-04 13:48:07,USD/TRY
dört çeker,02 Oca 2026 21:59,vakti zamaninda ankara geceleri pvyonlarinada ugramis bu trupp,0,2026-01-04 13:48:07,USD/TRY
DOᑎ Jᴏᴡᴇꜱ,02 Oca 2026 22:01,bunnar drumpı ne saniyoso artıkın mg,0,2026-01-04 13:48:07,USD/TRY
dört çeker,02 Oca 2026 21:53,krizmi var,0,2026-01-04 13:48:07,USD/TRY
DOᑎ Jᴏᴡᴇꜱ,02 Oca 2026 21:49,gontrollü yüsskek nabız mg,0,2026-01-04 13:48:07,USD/TRY
engin budakoglu,02 Oca 2026 21:38,"bir de &quot; bur gwce ansjzin&quot; gibi luzumsuz laflar edikmeye baslandi, ansizin nereye gidecen, kimden izin aldin, bekciye ust arattigin general mi gidecek",0,2026-01-04 13:48:07,USD/TRY
Muhittin Türk,02 Oca 2026 21:31,Kontrollü devrasyon devam ediyor sene sonu 55 TL’yi bulur ytd,0,2026-01-04 13:48:07,USD/TRY
engin budakoglu,02 Oca 2026 21:35,kontrolunu bilmemde dolar baskilamalari yaninda liranin altina karsi deger kaybi acikcaa ortada,0,2026-01-04 13:48:07,USD/TRY
DOᑎ Jᴏᴡᴇꜱ,02 Oca 2026 21:48,mayışi allmayo 1 saniya gala 62 olar mg,0,2026-01-04 13:48:07,USD/TRY
Alper Ozgun,02 Oca 2026 20:56,17 subatta dolar gümleyecek cok sert devalüasyon kacınılmaz geliyor haberler kötü hemde çok kötü 76 TL ilk hetapta sonra 87,0,2026-01-04 13:48:07,USD/TRY
dört çeker,02 Oca 2026 21:22,hesaplanan kademeli 200 gorulecekmis,0,2026-01-04 13:48:07,USD/TRY
dört çeker,02 Oca 2026 21:24,biz 200 e bakarkenn ndenyahuu sryye tam yerlesecek deniyor aman 200 olsunda onemli degilde sryyye elden giderse donus yok,0,2026-01-04 13:48:07,USD/TRY
Telegramda Alphajennyx ile iletisime gec simdi,02 Oca 2026 20:30,"Uzun süre geçim sıkıntısı yaşadım ve korkularım arttı. Yatırım bana tehlikeli geldi. 2025 ortasında net karar verdim ve 14.800 USD yatırdım. Çeşitlendirilmiş kripto varlıkları BITCOIN, GOLD, SOLANA, USDT, XRP, ETHEREUM, LITECOIN, ETC içerir. Zaman içinde portföy 78.000 USD oldu. Fonlar bankama eksiksiz aktarıldı. Doğru bilgi beni ileri taşıdı. Kullanıcı adım bu deneyim teorisinde önemli ve faydalı rol oynar.",0,2026-01-04 13:48:07,USD/TRY
Ord Prf Dr KAPTAN CUMA,02 Oca 2026 19:50,YARIN PARAYA KIYAYIMDA SABAH POAÇA ALAYIM KENDİME 5 TANE LÜKS YAŞAYAYIM BİR GÜN,0,2026-01-04 13:48:07,USD/TRY
Ord Prf Dr KAPTAN CUMA,02 Oca 2026 19:49,o C selami yi engelledim bundan sonra kaptan cuma üzerinden kimseye pirim yaptırmayacam ..osman kahvedeyim kardeşim,0,2026-01-04 13:48:07,USD/TRY
kadir ylmaz,02 Oca 2026 19:35,"bir yanda Türkiye nin parlayan bir yıldız olması düşen enflasyonu, artan döviz rezervleri, düşen dolart kuru ..... Biryanda çökmeye an kalan İran ... ilginç şeyler yaşanıyor. ama doğru ama ilizyon..",0,2026-01-04 13:48:07,USD/TRY
Mert Ihtyr,02 Oca 2026 20:08,Nerde yaşıyorsun bro,0,2026-01-04 13:48:07,USD/TRY
engin budakoglu,02 Oca 2026 19:05,"anlayan anlatsa da anlasak, kim bu bilal bey, rutbesi konumu unvani nedir bu gunlerde bur bilal beydir gidiyor",0,2026-01-04 13:48:07,USD/TRY
Ord Prf Dr KAPTAN CUMA,02 Oca 2026 18:54,2 sene önce cidde de otel TL ile 1500 liraydı hala aynı fiyat bu enflısyon bizde var arkadaşlar bilginiz olsun sebebi belli kasıtlı olarak halk somuruluyor ortada devlet falan yok durum vahim,0,2026-01-04 13:48:07,USD/TRY
selami tataroğlu,02 Oca 2026 18:56,kes Kr ip to. ekepeli. do nuz. rengin belli zorlama 🧐,0,2026-01-04 13:48:07,USD/TRY
Ord Prf Dr KAPTAN CUMA,02 Oca 2026 18:50,PAZARITESİ DOSTU TURUPLA GÖRÜŞECEKMİŞ YİNE HAZIR OLUN BEYLER KALLAVİ ZAMLAR GELECEK BOPÇU TAM GAZ İLERLİYO SON GÜNLERİNDE,0,2026-01-04 13:48:07,USD/TRY
Narlı Dere,02 Oca 2026 20:03,Davayi napalim diye soracak,0,2026-01-04 13:48:07,USD/TRY
Ord Prf Dr KAPTAN CUMA,02 Oca 2026 18:47,mehettine bi sorun selami tataroğlu karakterini niye yaratmış kendisi sevdiyimiz bir kişiyken neden nefred ettirmeye çalışıyo neden alçalıyo bu kadar,0,2026-01-04 13:49:36,USD/TRY
gau gau,02 Oca 2026 18:46,"dünyadaher konu bitse,zabahh akşamm kürsüdenn,ınıracagları mesele uydururlar",0,2026-01-04 13:49:36,USD/TRY
gau gau,02 Oca 2026 18:44,"eğer yararlanabilecekler çözümsüzzbirkonu varsaa,süreklionu işliyorlarr",0,2026-01-04 13:49:36,USD/TRY
gau gau,02 Oca 2026 18:43,"babaoğulşarlatannn,fliştannndiye ınırıyorrrr,kürsüdennn",0,2026-01-04 13:49:36,USD/TRY
Ord Prf Dr KAPTAN CUMA,02 Oca 2026 18:45,bitti o iş yeni yılda 🍆 ı elimuze verdiler hadi hadi,0,2026-01-04 13:49:36,USD/TRY
Telegramda Alphajennyx ile iletisime gec simdi,02 Oca 2026 17:21,"Paycheckten maaş. Bills ezici. Korku sardı. Yatırım hayaldi. Araştırma değiştirdi. 23.300 USD başı. BITCOIN, GOLD, SOLANA, USDT, XRP, ETHEREUM'e. Şüphe bastı. Üç katlandı. 175.000 USD. Banka doldu. Güçlendim. Kontrol bende. Özgürlük tattım. Sabır bilgi mucize. Çeşitlendirilmiş kripto para varlıkları gibi BITCOIN, GOLD, SOLANA, USDT, XRP, ETHEREUM. Finansal geleceğimi kontrol altına aldım. Bilgece yatırım özgürlüktür. Bilgi sabır yapı kazandırır. Kullanıcı adım deneyimde faydalıdır.",0,2026-01-04 13:49:36,USD/TRY
selami tataroğlu,02 Oca 2026 17:12,bugün. kaptan cuma yı. masaya yatıracaktım ama. yarına bıraktım 🤔,0,2026-01-04 13:49:36,USD/TRY
mehettin pilavcık,02 Oca 2026 17:20,şu an çok uygun bir zaman analiz için,0,2026-01-04 13:49:36,USD/TRY
selami tataroğlu,02 Oca 2026 17:09,insan kendini sorgulamalı ve bu ba Ta k lıktan çıkmalı 🤔,0,2026-01-04 13:49:36,USD/TRY
selami tataroğlu,02 Oca 2026 17:09,bir. yerde korku. ot. o rite. baskı y As. vs. varsa beyin bunu. nötr. algılamıyor. ve insan mutsuz oluyor. ço ğu. insan bunu algılayamıyor... biz buna sosyolojide duygusal. R e j İ m. diyoruz 🧐🤔,0,2026-01-04 13:49:36,USD/TRY
selami tataroğlu,02 Oca 2026 17:06,ben i b A det. ha ne lerden. ne F. re. t. ediyorum. ki. li. Se. neyse ama. c A. m İ. ler. ür. P er. ti yor.,0,2026-01-04 13:49:36,USD/TRY
selami tataroğlu,02 Oca 2026 16:57,i S. la. mi yet ne zaman ki doğdu. insanlık nefessiz kaldı tarihe karıştığı vakit çiçekler açar net .,0,2026-01-04 13:49:36,USD/TRY
gau gau,02 Oca 2026 16:14,"35yıldır çalıyor,trounxccccğu,gberrçegg ama",0,2026-01-04 13:49:36,USD/TRY
shyl dn,02 Oca 2026 16:10,iranda rejim düşerse sıra kimde,0,2026-01-04 13:49:36,USD/TRY
Paranın Sesi,02 Oca 2026 16:37,İsviçrede. Club yandı.,0,2026-01-04 13:49:36,USD/TRY
Okumuş Yazmış,02 Oca 2026 16:09,osuruhsuz cnayed yokdur,0,2026-01-04 13:49:36,USD/TRY
Recobop,02 Oca 2026 16:05,"Syrie bölünüyeahhh,usdg anlaşmaya uymanış",0,2026-01-04 13:49:36,USD/TRY
Telegramda Alphajennyx Ile iletisime gec simdi,02 Oca 2026 15:29,"Yıllarca sıkıntı çektim ve gelirimi korumaya çalıştım. Yatırım bana korkutucu bir kumar gibi geliyordu. Kaybetme endişesi taşıdım. 2025 ortasında bilinçli hareket ettim ve USD 13.250 yatırdım. Çeşitlendirilmiş kripto varlıklar BITCOIN, GOLD, SOLANA, USDT, XRP, ETHEREUM, LITECOIN, ETC. Günler sonra değer USD 92.700 oldu. Fonlar bankama aktarıldı. Finansal geleceğimi kontrol altına aldım ve akıllı yatırımın özgürlük getirdiğini kanıtladım. Bilgi sabır ve plan her zaman güçlüdür. Kullanıcı adım bu deneyim teorisinde önemli ve faydalı bir rol oynuyor",0,2026-01-04 13:49:36,USD/TRY
Erkan Çongar,02 Oca 2026 15:27,gss primi 1981 lira mı olmuş sag lik ta dev rum yab tih sos yal pizza,0,2026-01-04 13:49:36,USD/TRY
selami tataroğlu,02 Oca 2026 15:40,sağlık hizmeti vergilerle finanse edilir... hem peşin peşin vergi al hemde GSS primi.. çifte tahsilat !,0,2026-01-04 13:49:36,USD/TRY
Paranın Sesi,02 Oca 2026 16:52,Para mı la Nusrette bi porsiyon steak o para ediyo,0,2026-01-04 13:49:36,USD/TRY
Erkan Çongar,02 Oca 2026 15:06,ey vay pi ci ye ne oldu mayis 2023 secim sonrasindan beri duymuyoruz,0,2026-01-04 13:49:36,USD/TRY
Cingöz Recai,02 Oca 2026 14:53,G ho te nin gılı yığğk,0,2026-01-04 13:49:36,USD/TRY
Cingöz Recai,02 Oca 2026 14:50,Tur pu nkini ya la y an al tı b ez li ha yın,0,2026-01-04 13:49:36,USD/TRY
gau gau,02 Oca 2026 14:49,"sonsuzakadar,vergiartışı olmaz,buadamıyoggedinn",0,2026-01-04 13:49:36,USD/TRY
gau gau,02 Oca 2026 14:48,"sizebir veriyorr,yüz çeşityerden gerialıyor,buıbblızitlaf edilmeli.",0,2026-01-04 13:49:36,USD/TRY
gau gau,02 Oca 2026 14:47,"budevledinbaşınki ve güncellediği,vergiler,durmalı",0,2026-01-04 13:49:36,USD/TRY
dört çeker,02 Oca 2026 14:32,birazdan roket,0,2026-01-04 13:49:36,USD/TRY
yeşil ninja,02 Oca 2026 14:27,Asgari ücrete % 28 zam TRT çalışanlara %129.8 zam,0,2026-01-04 13:49:36,USD/TRY
yeşil ninja,02 Oca 2026 14:23,Asgari ücretliyr %28 zam TRT de çalışanlara %128.9 zam çok adalet ve kalkınma oldu,0,2026-01-04 13:49:36,USD/TRY
Erkan Çongar,02 Oca 2026 15:12,ve kamu kurulusu maaslarinı kim oduyor ??,0,2026-01-04 13:49:36,USD/TRY
gau gau,02 Oca 2026 14:18,"hastenayaptım didi,gsss yok alamam,didi,torunxcccğutannar",0,2026-01-04 13:49:36,USD/TRY
dört çeker,02 Oca 2026 14:09,truuup mmrkezın canaaga birseyyler atttrırırmı acaba yoksaa işimiz zorlaşırrrr,0,2026-01-04 13:49:36,USD/TRY
gau gau,02 Oca 2026 13:28,"popayla oynaşantannar,gberçeggg",0,2026-01-04 13:49:36,USD/TRY
Resul Furuncu,02 Oca 2026 13:19,hef ay 1 tl artacak demekki sene sonu 55,0,2026-01-04 13:49:36,USD/TRY
mustafa demirtaş,02 Oca 2026 14:38,yıl sonu ortalama artışa izin verecek merkez bankası,0,2026-01-04 13:49:36,USD/TRY
mustafa demirtaş,02 Oca 2026 14:51,mustafa demirtaş,0,2026-01-04 13:49:36,USD/TRY
Telegramda Alphajennyx ile iletisime gec simdi,02 Oca 2026 12:40,Eskiden faturalar arasında sıkıştım ve gelecekten korktum. Yatırım bana ağır risk sundu. 2025 ortasında net araştırma sonrası USD17500 yatırdım. Çeşitlendirilmiş kripto varlıklar BITCOIN GOLD SOLANA USDT XRP ETHEREUM LITECOIN ETC içerir. Zamanla portföyüm USD90500 oldu. Fonlar bankama güvenle aktarıldı. Güçlüyüm. Bilgi sabır yapı kazanç sağlar. Kullanıcı adım bu deneyim teorisinde önemli ve faydalı bir rol oynar.,0,2026-01-04 13:49:36,USD/TRY
Eski Rizeli Yeni Suriyeli Recep,02 Oca 2026 12:38,Ossnan gotoğulları,0,2026-01-04 13:49:36,USD/TRY
Ord Prf Dr KAPTAN CUMA,02 Oca 2026 12:37,YERDE MULTİNET BULDUM İNDİRDİM CEBE,0,2026-01-04 13:49:36,USD/TRY
ˆˆ ˆˆ,02 Oca 2026 12:29,44 olamaz,0,2026-01-04 13:49:36,USD/TRY
Ord Prf Dr KAPTAN CUMA,02 Oca 2026 12:37,nisanda olur,0,2026-01-04 13:49:36,USD/TRY
umut selçuk yalçın,02 Oca 2026 12:27,maaşlara gelen vergiler çok büyük sıkıntı yaratacak,0,2026-01-04 13:49:36,USD/TRY
Vladimir Putina,02 Oca 2026 12:13,¶e s k i i yi pa rt il i m e r al kş en er h an g i yüz le h ala o r ta l ık t a..,0,2026-01-04 13:49:36,USD/TRY
Ord Prf Dr KAPTAN CUMA,02 Oca 2026 11:47,contası yanık osduruglu selami burdamı,0,2026-01-04 13:49:36,USD/TRY
Vladimir Putina,02 Oca 2026 11:32,ben başkomutan hırhhıztannnar...durmak yok yolmayadevam..,0,2026-01-04 13:49:36,USD/TRY
gau gau,02 Oca 2026 11:31,"piyonntayyar arıkezilecek,kredisi bitti.",0,2026-01-04 13:49:36,USD/TRY
gau gau,02 Oca 2026 11:29,"gazza,kundüz,şam düştü,sıravatikanda,tayyardüşçeg",0,2026-01-04 13:49:36,USD/TRY
Vladimir Putina,02 Oca 2026 11:19,tüikürüik verileri ile halk fakirleşmeye devam...,0,2026-01-04 13:49:36,USD/TRY
Vladimir Putina,02 Oca 2026 10:57,"ü l ke s o yu l uy or, ha l a h ır hı z sa r ay d a ya ka la n am adı...",0,2026-01-04 13:49:36,USD/TRY
gau gau,02 Oca 2026 10:52,"tayyarrdüşerse,vatikan dağılır",0,2026-01-04 13:49:36,USD/TRY
Vladimir Putina,02 Oca 2026 11:20,"vatikakanaıaııa, tayayyayruını da alsınlar.. 2ksinler",0,2026-01-04 13:49:36,USD/TRY
Osman Talan,02 Oca 2026 10:48,selamın aleykım,0,2026-01-04 13:49:36,USD/TRY
Ord Prf Dr KAPTAN CUMA,02 Oca 2026 11:46,düzgün selam ver la,0,2026-01-04 13:49:36,USD/TRY
Ord Prf Dr KAPTAN CUMA,02 Oca 2026 11:47,Aleykum selam oraletdaş ım,0,2026-01-04 13:49:36,USD/TRY
Cingöz Recai,02 Oca 2026 17:04,Ooooo dop usman sen nirelersesin yaaaww,0,2026-01-04 13:49:36,USD/TRY
Vladimir Putina,02 Oca 2026 10:25,1 dolar = 200 TL eski para 200.000.000 TL vay vay ekonomi uçiyur,0,2026-01-04 13:49:36,USD/TRY
gau gau,02 Oca 2026 10:16,2026 da gberçeggg,0,2026-01-04 13:49:36,USD/TRY
Nasdaq Wizard,02 Oca 2026 10:09,her ay 1 lira artarsa sene sonu 55 lira,0,2026-01-04 13:49:36,USD/TRY
gau gau,02 Oca 2026 10:09,"ovvrodddd,vatikanj dapapa ile,oynaşi.",0,2026-01-04 13:49:36,USD/TRY
gau gau,02 Oca 2026 10:07,"bu yılı ne ilanedeçeggg,trounxcccğu çalangoogeggg",0,2026-01-04 13:49:36,USD/TRY
gau gau,02 Oca 2026 10:06,"babaoğlutrounxccccğu,ohhhş fliştannnçekiyooo,vatikannyrağıyiyola",0,2026-01-04 13:49:36,USD/TRY
gau gau,02 Oca 2026 10:05,"kanunigibi adam,topraggkazanıyor,hergün,nerde?kürsüden sadece,ayspeçç fliştannn",0,2026-01-04 13:49:36,USD/TRY
gau gau,02 Oca 2026 10:04,"dostummm dediği,ülkeyi zgmegle,meşgull",0,2026-01-04 13:49:36,USD/TRY
gau gau,02 Oca 2026 10:03,"dolarbey.çalangrçü gtü,barçalıyor",0,2026-01-04 13:49:36,USD/TRY
Ord Prf Dr KAPTAN CUMA,02 Oca 2026 09:59,BEN HESAP UZMANIYIM 250 OLMASI LAZIM KAYIP BÜYÜK BAŞKA TÜVLÜ OLMAZ,0,2026-01-04 13:49:36,USD/TRY
Nasdaq Wizard,02 Oca 2026 09:45,yetmez. en az 100 olması lazım.,0,2026-01-04 13:49:36,USD/TRY
Recobop,02 Oca 2026 09:41,2 ocak 2026 maharnacılık günü gutlu ossun.,0,2026-01-04 13:49:36,USD/TRY
yeşil ninja,02 Oca 2026 09:39,44-45-46–50-60-70-90-100,0,2026-01-04 13:49:36,USD/TRY
engin budakoglu,02 Oca 2026 09:38,"vekil maaslarinda % 40 kesintiye git meliler, el kaldirip indirmek cok pahaliya geliyor",0,2026-01-04 13:49:36,USD/TRY
Ord Prf Dr KAPTAN CUMA,02 Oca 2026 09:25,MEHEDDİN LAPACI BUVDAMİDUV,0,2026-01-04 13:49:36,USD/TRY
Eski Rizeli Yeni Suriyeli Recep,02 Oca 2026 09:01,Ossman Çommaroğlu,0,2026-01-04 13:49:36,USD/TRY
Trade MAXX,02 Oca 2026 08:47,"köprüde show, kapali kapilar ardinda al takke ver külah..Dumencinin kralisin züb ük...",0,2026-01-04 13:49:36,USD/TRY
Ord Prf Dr KAPTAN CUMA,02 Oca 2026 08:15,SANANE BENİM İCDİYİM CUAVADAN BE HIBONE SANANE 20 LİVALIK PAVLAMEND 100 TL YE SATIYOSUN PAVLAMENDDEN DÜŞDÜK TÜTÜNE GO YAM BÖYLE VEİS İN G D NE MG,0,2026-01-04 13:49:36,USD/TRY
Ord Prf Dr KAPTAN CUMA,02 Oca 2026 08:14,DÖVİZİ TUTUYOVUZ ENFLOSYON YÜKSELMESİN DİYE Bİ BAHANE VAVMI YÜSDE 200 ENFLOSYON OLAN KALEMLEV VAV ÖNCE DEVLED OLAVAG VEVGİ CEZA VE HAVCLAVA ZAM YABMAYACAKSIN AMA o C KAVAVNAMELEVLE DEVAMLI ZAM YABIYO,0,2026-01-04 13:49:36,USD/TRY
Ord Prf Dr KAPTAN CUMA,02 Oca 2026 08:13,MEHEDDİNE SOVUN NİYE Bİ SELAM B İ BAKTEVİ OLUYO DİYE ÇÜNKÜ MEMNUN DEĞİL BUVDA DEŞAVJ OLUYO 1 YILDA 43 ZOV OLMUŞ PAVASI PİL OLMUŞ NE YABACAKDI,0,2026-01-04 13:49:36,USD/TRY
Savaş Korkmaz,02 Oca 2026 08:08,gidemde dolar dolduram beleşken ecük,0,2026-01-04 13:49:36,USD/TRY
Savaş Korkmaz,02 Oca 2026 08:05,fi ş en gg. gghh,0,2026-01-04 13:49:36,USD/TRY
Artyom Artyom,02 Oca 2026 07:52,2025 gibi 2026 da makarna yılı bol bol makarna yapın durun italyanlari geçtiniz,0,2026-01-04 13:49:36,USD/TRY
gau gau,02 Oca 2026 07:38,"troncxcccğu.gürçü,çalma,yaşdoksan",0,2026-01-04 13:49:36,USD/TRY
gau gau,02 Oca 2026 07:37,"çlanngrçüügtü,açıldı,surda gediggg",0,2026-01-04 13:49:36,USD/TRY
gau gau,02 Oca 2026 06:58,"dolarrrrzgyeahhhh,gaçınnn",0,2026-01-04 13:49:36,USD/TRY
Savaş Korkmaz,02 Oca 2026 06:51,kimse görmeden,0,2026-01-04 13:49:36,USD/TRY
Savaş Korkmaz,02 Oca 2026 06:37,kimse görmeden....,0,2026-01-04 13:49:36,USD/TRY
Ord Prf Dr KAPTAN CUMA,02 Oca 2026 06:24,"Benim pavam vav ,zaten havcamada yabmıyovum gidevim umvumda olmaz biz gidevsek bunlavı kim devivecek memlekette adam kalmadı mg",0,2026-01-04 13:49:36,USD/TRY
mehettin pilavcık,02 Oca 2026 06:42,kredi kartin kaç geldi bu ay,0,2026-01-04 13:49:36,USD/TRY
mehettin pilavcık,02 Oca 2026 06:43,katı gıdaya geçince masrafın azalır bu yaşta artık mamayı bırakman lazım,0,2026-01-04 13:49:36,USD/TRY
Morty,02 Oca 2026 06:24,Dovizi enflasyon artmasin diye tuttuk dediler enflasyon masallah ….,0,2026-01-04 13:49:36,USD/TRY
Ord Prf Dr KAPTAN CUMA,02 Oca 2026 06:23,Alemanyeda asgavi ücvedle çalışan yogda yanlavı vav hadi çalışsın en az 200 euvo avttıvıyo aylık buvda asgavi ücvedli olup 10 bin avttıvan vavmı neymiş alemanya kıskanıyomuş hes seg tiv mg,0,2026-01-04 13:49:36,USD/TRY
mehettin pilavcık,02 Oca 2026 06:41,Bu ay 10bin attım kenava keyfim yevinde,0,2026-01-04 13:49:36,USD/TRY
Ord Prf Dr KAPTAN CUMA,02 Oca 2026 06:20,yetev yetev bide 2026 ya giviyovuz diye kutlama yabdınız ne oldu iyimi oldu yine hevşeye zam delivicem duvmuyov avdı avkası kesilmiyov,0,2026-01-04 13:49:36,USD/TRY
mehettin pilavcık,02 Oca 2026 06:40,bugün cok tatlısın apalaksın,0,2026-01-04 13:49:36,USD/TRY
mehettin pilavcık,02 Oca 2026 06:41,bugün çift zıbın giy hava soğuk altını çok doldurma o da üşütür,0,2026-01-04 13:49:36,USD/TRY
Morty,02 Oca 2026 06:17,Dunyada petrol asiri dustu ama burda zamlandi,0,2026-01-04 13:49:36,USD/TRY
Vladimir Putina,02 Oca 2026 06:16,i s t if a etse türkiye kurtulacak..,0,2026-01-04 13:49:36,USD/TRY
Vladimir Putina,02 Oca 2026 06:15,zam kelimesi yasaklandı... onun şimdiki adı güncellleme....yaaa!!!,0,2026-01-04 13:49:36,USD/TRY
Morty,02 Oca 2026 06:15,"Ulkede su fiyatlari petrolu bile solladi, yani araba suyla calissa zarar",0,2026-01-04 13:49:36,USD/TRY
Morty,02 Oca 2026 06:12,Benzine mazota otomatik 2 tl zam geldi,0,2026-01-04 13:49:36,USD/TRY
Vladimir Putina,02 Oca 2026 06:11,"zam yapıyorum, eekonomistim... yol ve köprüleri döşemeişler türkeyde halka...%19-%25,5 arası....ohhhh!!!! rahatlama hissediyor msusnuz",0,2026-01-04 13:49:36,USD/TRY
Halil Yilmaz,02 Oca 2026 06:04,yeni yıla ucarark gidiyor bakalım asgari ucretki eline parası geçince kaç dolar erimiş olacak,0,2026-01-04 13:49:36,USD/TRY
Eski Rizeli Yeni Suriyeli Recep,02 Oca 2026 06:04,Ossman Makarnacıoğulları,0,2026-01-04 13:49:36,USD/TRY
Ahmet Kilic,02 Oca 2026 05:54,43 üzerinde başlayacağı belliydi. asgari ücret daha ele geçmeden erimeye başladı bile. ukrayna parasına karşı bile değer kaybediyoruz. bunun mantıklı bir açıkşaması olmaz.,0,2026-01-04 13:49:36,USD/TRY
Paranın Sesi,02 Oca 2026 05:36,Ay bunun artacağı yok ayol satıyorum hepiciini valla,0,2026-01-04 13:49:36,USD/TRY
Ord Prf Dr KAPTAN CUMA,02 Oca 2026 05:35,siniv oluyovum yine çok sinivleniyovum kendimi zov tutuyovum,0,2026-01-04 13:49:36,USD/TRY
mehettin pilavcık,02 Oca 2026 05:59,noldu ya sana? neler yaşandı yazar mısın?,0,2026-01-04 13:49:36,USD/TRY
mehettin pilavcık,02 Oca 2026 06:00,senin en sevdiğim yanın biraz kifayetsiz olup sınırlı olman,0,2026-01-04 13:49:36,USD/TRY
Ord Prf Dr KAPTAN CUMA,02 Oca 2026 06:13,BIBISI YETMİYOMUŞ GİBİ BİDE BİCİ ÇIKTI ORYAYA,0,2026-01-04 13:49:36,USD/TRY
Ord Prf Dr KAPTAN CUMA,02 Oca 2026 05:32,BIBISI YETMİYOMUŞ GİBİ BİDE OLU ÇIKTI EYY ABD PROJENİN MG,0,2026-01-04 13:49:36,USD/TRY
Mehmet Kartal,02 Oca 2026 05:25,"döler 42.99 eghomoni coogh eyi, döler 43.01 eghomoni coogh gödhü",0,2026-01-04 13:49:36,USD/TRY
Emrullah İŞLEMEZ,02 Oca 2026 05:14,❤️benjaminin yinesabah erreksiyonu🤣,0,2026-01-04 13:49:36,USD/TRY
Paranın Sesi,02 Oca 2026 03:19,Dolar bir müddet daha 40’ın altına inmez,0,2026-01-04 13:49:36,USD/TRY
Savaş Korkmaz,02 Oca 2026 02:42,zabanan ilk işim bi döviz bürosuna gitmek,0,2026-01-04 13:49:36,USD/TRY
can cansever,02 Oca 2026 00:02,hiç şeklini bozmayan bı sen varsın yeşil dolarım,0,2026-01-04 13:49:36,USD/TRY
DOᑎ Jᴏᴡᴇꜱ,02 Oca 2026 00:08,lem amaricada hotdog 1 dollor ikene 5 dollor olldi mg... sen askeri üçrad 500 dollor olldi diya sewinmeya dewam id mg,0,2026-01-04 13:49:36,USD/TRY
Das_Sein,01 Oca 2026 23:48,"-Bir insanın artık gidebileceği hiçbir yerinin olmaması ne demektir, anlıyor musunuz?-",0,2026-01-04 13:49:36,USD/TRY
Das_Sein,01 Oca 2026 23:53,"Saçmalamamamamaman çok hoş, ama yürür gideriz.",0,2026-01-04 13:49:36,USD/TRY
DOᑎ Jᴏᴡᴇꜱ,01 Oca 2026 23:54,na diyon lem,0,2026-01-04 13:49:36,USD/TRY
Das_Sein,01 Oca 2026 23:54,Selamlar - ne diyim?,0,2026-01-04 13:49:36,USD/TRY
DOᑎ Jᴏᴡᴇꜱ,01 Oca 2026 23:48,bütunsell kaygi va bütunsell mantik ollmodığındon sovyard saçmoluklori pördliyo mg,0,2026-01-04 13:49:36,USD/TRY
DOᑎ Jᴏᴡᴇꜱ,01 Oca 2026 23:45,hem tilifono lux muolamasi yapiyon hamido esskı yazılımli tilifonnornon güvannik açıği virdıriyon mg hamido herşiyi tilifono yıkiyon mg... tilifon sahabı ollmomok yassank ollmiş mg,0,2026-01-04 13:49:36,USD/TRY
DOᑎ Jᴏᴡᴇꜱ,01 Oca 2026 23:36,bara varso goyun gurdunon gezar mg,0,2026-01-04 13:49:36,USD/TRY
Das_Sein,01 Oca 2026 23:30,"Adam doğru diyo; telefon markana başlatma, et ye, balık ye.",0,2026-01-04 13:49:36,USD/TRY
DOᑎ Jᴏᴡᴇꜱ,01 Oca 2026 23:32,aha bunu annadım mg... edevlerdi deden mi teşfik idiyo do tilifon lux oliyo mg... ayfon daho güvenli tilifon mg,0,2026-01-04 13:49:36,USD/TRY
DOᑎ Jᴏᴡᴇꜱ,01 Oca 2026 23:34,allmancimisin nesın mg barayı bulu çek allmanyadon geriya guzaygora galır mg,0,2026-01-04 13:49:36,USD/TRY
Das_Sein,01 Oca 2026 23:26,"Kim yok olmayı oylamış da onaylamış ki? Büyük adamları çekememek toplumun sonudur, ya da, zarı atmamak.",0,2026-01-04 13:49:36,USD/TRY
DOᑎ Jᴏᴡᴇꜱ,01 Oca 2026 23:30,das kapital mısın lem... bi dene anladığim yazin yok mg,0,2026-01-04 13:49:36,USD/TRY
Das_Sein,01 Oca 2026 23:31,Olsun mk.,0,2026-01-04 13:49:36,USD/TRY
Das_Sein,01 Oca 2026 23:16,"Seçim dediğin üsttekilerin merakıdır, senlik bişey yok.",0,2026-01-04 13:50:00,USD/TRY
DOᑎ Jᴏᴡᴇꜱ,01 Oca 2026 23:16,böğörön gazanir mg,0,2026-01-04 13:50:00,USD/TRY
DOᑎ Jᴏᴡᴇꜱ,01 Oca 2026 23:12,reklam imarollunun şehera döşadıği daşlor yerindon çıkmiş mı bi bakin mg herşiy güzall ollmiş mı mg,0,2026-01-04 13:50:00,USD/TRY
Das_Sein,01 Oca 2026 23:12,"Saat bi başka dönüyor Memet; vaktin dün geçti, bırak bı tripleri gari.",0,2026-01-04 13:50:00,USD/TRY
Das_Sein,01 Oca 2026 23:07,"Öyle eşi dostu arayarak çıkış yok, zaten kontör bitti Şakirim.",0,2026-01-04 13:50:00,USD/TRY
ozan ox,02 Oca 2026 01:09,Sen ne zırvalıyorsun,0,2026-01-04 13:50:00,USD/TRY
Das_Sein,01 Oca 2026 23:05,"Aklını aldılar, dötü yere daya memleketlim.",0,2026-01-04 13:50:00,USD/TRY
DOᑎ Jᴏᴡᴇꜱ,01 Oca 2026 23:06,daya bahalın muarremg,0,2026-01-04 13:50:00,USD/TRY
Das_Sein,01 Oca 2026 23:02,Kalite insan stabilite ile değişim arasındaki farklara dayanabilen insandır - yemişim isyanını Kamil abi.,0,2026-01-04 13:50:00,USD/TRY
DOᑎ Jᴏᴡᴇꜱ,01 Oca 2026 23:03,dayan ossmonoğlu,0,2026-01-04 13:50:00,USD/TRY
DOᑎ Jᴏᴡᴇꜱ,01 Oca 2026 22:54,yağmo kullturü olon üllkolor an galişmış üllkolorshir mg,0,2026-01-04 13:50:00,USD/TRY
DOᑎ Jᴏᴡᴇꜱ,01 Oca 2026 23:00,yapay zakaya göra yağmo kullturü olon üllkolor: 1. Güney Afrika 2. ABD 3. Arjantin 4. Venezuela 5. Fransa,0,2026-01-04 13:50:00,USD/TRY
Ord Prf Dr KAPTAN CUMA,01 Oca 2026 22:54,"6 YIL CANAN KARATAY HOCAMIN YAVERLİĞİNİ YAPTIM BU FORUMDAK ZEKA DÜŞÜKLÜĞÜ BESLENME İLE ALAKALI ,HERGÜN KİŞİYE ÖZEL MENÜ HAZIRLAYACAM MG",0,2026-01-04 13:50:00,USD/TRY
Ord Prf Dr KAPTAN CUMA,01 Oca 2026 22:56,Dayı sen zeytinyaylı pırasa ve ızgara göyüs eti tavuk ile başla azınıb yayı düzelsin sonra karbonidrad yüklemes yaparız mg,0,2026-01-04 13:50:00,USD/TRY
Ord Prf Dr KAPTAN CUMA,01 Oca 2026 22:50,NEYSE NE AÇLIKTAN 4 SAAT ZOR UYIYORUZ HAVADA SOĞUK KUYRUK YAYI TAVSİYE EDİYORUM ERİTİP EHMEH BANIN LAPA PİLAV ÜSTÜNEDE ERİTİP DÖKEBİLİRSİNİZ BİRAZ KEKİK TADI İYİ OLUR TOK TUTAR GÖNÜL İSTERDİ KOL GİBİ SALAM ISTIRIP YATALIM MALUM ÜLKE ŞARTLARI MG,0,2026-01-04 13:50:00,USD/TRY
Ord Prf Dr KAPTAN CUMA,01 Oca 2026 22:48,BUYRUN SORUN MEHEDDİNE Bİ SELAMİ Bİ BAKTERİ OLUYO NEDEN ÇÜNKÜ O DA AÇ SOSYAL HAYATI YOK PARA BÜTÇE OLSA BURDA ŞEKİLDEN ŞEKİLE GİRMEZ KISLARLA GEZERİDİ MG,0,2026-01-04 13:50:00,USD/TRY
DOᑎ Jᴏᴡᴇꜱ,01 Oca 2026 22:47,cahall gandırmaco çıhdi merdlink bozilldi mg,0,2026-01-04 13:50:00,USD/TRY
Ord Prf Dr KAPTAN CUMA,01 Oca 2026 22:45,KALSİYUM YOK PROTEİN YOK VİTAMİN YOK EHMAH MAHARDA PASO KARBONİDRAD SONRA o C SELAMİLER TÜRÜYOR BU MUTASYONDUR,0,2026-01-04 13:50:00,USD/TRY
Ord Prf Dr KAPTAN CUMA,01 Oca 2026 22:44,VALLAHİ AÇIM KANADA DA HER AKŞAM ET YİYEBİLİYOLAR BEN KURBANDAN KURBANA VEREN OLURSA ZIG Mİ ŞİM IHASINI SIHA SINI AÇIM MG,0,2026-01-04 13:50:00,USD/TRY
Ord Prf Dr KAPTAN CUMA,01 Oca 2026 22:41,BU ÜLKEDE FAKİR KALMADI AÇ VAR ARTIK,0,2026-01-04 13:50:00,USD/TRY
Eski Rizeli Yeni Suriyeli Recep,01 Oca 2026 22:42,Ohoossmonn,0,2026-01-04 13:50:00,USD/TRY
DOᑎ Jᴏᴡᴇꜱ,01 Oca 2026 22:42,tihihihihihihihihihihihihihihihihihihihi,0,2026-01-04 13:50:00,USD/TRY
Ord Prf Dr KAPTAN CUMA,01 Oca 2026 22:39,"KARNIM FENA HALDE AÇ SABAH OLMASINI BEKLİYORUM GÜNDE 1 ÖYÜN YİYORUM FAZLASI BENİ BOZAR PARA HARCARSAM AKIL SAYLIYIM BOZULUR ,ÖYLE OLACAYINA AÇ GEZERİM DAHA İYİ MG",0,2026-01-04 13:50:00,USD/TRY
Ord Prf Dr KAPTAN CUMA,01 Oca 2026 22:37,"BU ÜLKEDE MAHARNA OLMASA MILLOD ACLIKTAN KIRILACAK ,OYLUNA PANTOL ALAMADI DİYE BABALAR IN DI HAR EDİYO ,BIBICIM SIFIRLADIM DİYEN HI YAR GA ZE AYAYINA ŞOV YAPIYO MG",0,2026-01-04 13:50:00,USD/TRY
Ord Prf Dr KAPTAN CUMA,01 Oca 2026 22:34,"ALLAHIM NE GÜNAH İŞLEDİYSEK AFFED ,BOB EŞ BAŞKANI VE YEDEK LASTİYİ BOHCUVALINI TEKTE YANINA AL AMİN 🤲🏿🧕🏿🕋",0,2026-01-04 13:50:00,USD/TRY
Ord Prf Dr KAPTAN CUMA,01 Oca 2026 22:30,Yıl oldu 2026 hala yaşıyo yandan çarklı omzu düşük topal o C mg,0,2026-01-04 13:50:00,USD/TRY
mehettin pilavcık,01 Oca 2026 22:34,nevdeydin şu an nevdesin yeni yılda naptın tavuk yedin mi bira içtin mi,0,2026-01-04 13:50:00,USD/TRY
Ord Prf Dr KAPTAN CUMA,01 Oca 2026 22:36,TAVUK TASLIK ALDIYDIM 60 TL YE KITIR KITIR YİDİM BEN ALKOL KULLANMAM SARIYAR KOLA İÇDİM,0,2026-01-04 13:50:00,USD/TRY
Das_Sein,01 Oca 2026 22:29,Bizim memleketi zaten geç fakat Avrupa'nın da mevzudan haberi yok.,0,2026-01-04 13:50:00,USD/TRY
dört çeker,01 Oca 2026 22:26,birazdan ucus,0,2026-01-04 13:50:00,USD/TRY
DOᑎ Jᴏᴡᴇꜱ,01 Oca 2026 22:25,şaban söla bakıyın ossmonnu niya baddı mg,0,2026-01-04 13:50:00,USD/TRY
DOᑎ Jᴏᴡᴇꜱ,01 Oca 2026 22:22,dua idın barin sahabı turc çıkmasin mg,0,2026-01-04 13:50:00,USD/TRY
